CODIGO,BARRAS,PRODUTO,UNIDADE,VENDA1,VENDA2,VENDA3,ESTOQUE,GRUPO,SUBGRUPO,RESUMO,APLICACAO,LOCAL,FABRICANTE,CODFABRICA,OBS,REFER
1054,0,.,UNID,3.50,0.00,0.00,-2,0-,0-,.,,,,,,00000000000
1055,0,.,UNID,3.50,0.00,0.00,-8,0-,0-,.,,,,,,00000000000
1660,0,.,UNID,12.00,0.00,0.00,-1,0-,0-,.,,,,,,00000000000
1661,0,.,UNID,15.00,0.00,0.00,0,0-,0-,.,,,,,,00000000000
2083,0,.,UNID,8.00,0.00,0.00,0,0-,0-,.,,,,,,00000000000
2113,0,.,UNID,30.00,0.00,0.00,0,0-,0-,.,,,,,,00000000000
2115,0,.,UNID,69.00,0.00,0.00,0,0-,0-,.,,,,,,00000000000
2116,0,.,UNID,34.00,0.00,0.00,0,0-,0-,.,,,,,,00000000000
2117,0,.,UNID,10.00,0.00,0.00,0,0-,0-,.,,,,,,00000000000
2118,0,.,UNID,13.00,0.00,0.00,0,0-,0-,.,,,,,,00000000000
2119,0,.,UNID,58.00,0.00,0.00,0,0-,0-,.,,,,,,00000000000
2122,0,.,UNID,42.00,0.00,0.00,0,0-,0-,.,,,,,,00000000000
2123,0,.,UNID,0.00,0.00,0.00,0,0-,0-,.,,,,,,00000000000
2132,0,.,UNID,3.00,0.00,0.00,0,0-,0-,.,,,,,,00000000000
2146,0,.,UNID,3.00,0.00,0.00,0,0-,0-,.,,,,,,00000000000
2148,0,.,UNID,30.00,0.00,0.00,0,0-,0-,.,,,,,,00000000000
2184,0,.,UNID,0.00,0.00,0.00,0,0-,0-,.,,,,,,00000000000
2185,0,.,UNID,57.00,0.00,0.00,0,0-,0-,.,,,,,,00000000000
2203,0,.,UNID,12.00,0.00,0.00,0,0-,0-,.,,,,,,00000000000
2211,0,.,UNID,10.00,0.00,0.00,0,0-,0-,.,,,,,,00000000000
2214,0,.,UNID,26.00,0.00,0.00,0,0-,0-,.,,,,,,00000000000
2218,0,.,UNID,65.00,0.00,0.00,0,0-,0-,.,,,,,,00000000000
2226,0,.,UNID,13.00,0.00,0.00,0,0-,0-,.,,,,,,00000000000
2245,0,.,UNID,72.00,0.00,0.00,0,0-,0-,.,,,,,,00000000000
2246,0,.,UNID,0.00,0.00,0.00,0,0-,0-,.,,,,,,00000000000
2268,0,.,UNID,15.00,0.00,0.00,0,0-,0-,.,,,,,,00000000000
2319,0,.,UNID,4.00,0.00,0.00,0,0-,0-,.,,,,,,00000000000
2332,0,.,UNID,11.00,0.00,0.00,0,0-,0-,.,,,,,,00000000000
2347,0,.,UNID,18.00,0.00,0.00,0,0-,0-,.,,,,,,00000000000
2351,0,.,UNID,7.00,0.00,0.00,0,0-,0-,.,,,,,,00000000000
2352,0,.,UNID,7.00,0.00,0.00,0,0-,0-,.,,,,,,00000000000
2353,0,.,UNID,7.00,0.00,0.00,0,0-,0-,.,,,,,,00000000000
2355,0,.,UNID,10.00,0.00,0.00,0,0-,0-,.,,,,,,00000000000
2356,0,.,UNID,10.00,0.00,0.00,0,0-,0-,.,,,,,,00000000000
2358,0,.,UNID,18.00,0.00,0.00,0,0-,0-,.,,,,,,00000000000
2359,0,.,UNID,19.00,0.00,0.00,0,0-,0-,.,,,,,,00000000000
2360,0,.,UNID,0.10,0.00,0.00,0,0-,0-,.,,,,,,00000000000
2361,0,.,UNID,0.15,0.00,0.00,0,0-,0-,.,,,,,,00000000000
2362,0,.,UNID,0.10,0.00,0.00,0,0-,0-,.,,,,,,00000000000
2365,0,.,UNID,0.40,0.00,0.00,0,0-,0-,.,,,,,,00000000000
2366,0,.,UNID,0.80,0.00,0.00,0,0-,0-,.,,,,,,00000000000
2374,0,.,UNID,25.00,0.00,0.00,0,0-,0-,.,,,,,,00000000000
2375,0,.,UNID,13.00,0.00,0.00,0,0-,0-,.,,,,,,00000000000
2376,0,.,UNID,18.00,0.00,0.00,0,0-,0-,.,,,,,,00000000000
2377,0,.,UNID,5.00,0.00,0.00,0,0-,0-,.,,,,,,00000000000
2378,0,.,UNID,6.00,0.00,0.00,0,0-,0-,.,,,,,,00000000000
2379,0,.,UNID,6.00,0.00,0.00,0,0-,0-,.,,,,,,00000000000
2380,0,.,UNID,22.00,0.00,0.00,0,0-,0-,.,,,,,,00000000000
2381,0,.,UNID,11.00,0.00,0.00,0,0-,0-,.,,,,,,00000000000
2382,0,.,UNID,18.00,0.00,0.00,0,0-,0-,.,,,,,,00000000000
2383,0,.,UNID,3.00,0.00,0.00,0,0-,0-,.,,,,,,00000000000
2384,0,.,UNID,50.00,0.00,0.00,0,0-,0-,.,,,,,,00000000000
2385,0,.,UNID,60.00,0.00,0.00,0,0-,0-,.,,,,,,00000000000
2386,0,.,UNID,378.00,0.00,0.00,0,0-,0-,.,,,,,,00000000000
2387,0,.,UNID,40.00,0.00,0.00,0,0-,0-,.,,,,,,00000000000
2388,0,.,UNID,135.00,0.00,0.00,0,0-,0-,.,,,,,,00000000000
2389,0,.,UNID,15.00,0.00,0.00,0,0-,0-,.,,,,,,00000000000
2390,0,.,UNID,15.00,0.00,0.00,0,0-,0-,.,,,,,,00000000000
2095,0,.....,UNID,15.00,0.00,0.00,0,0-,0-,.....,,,,,,00000000000
1466,0,ABAFADOR DE RUIDO,UNID,18.00,0.00,0.00,0,0-,0-,ABAFADOR RUIDO,,,,,,00000000000
1043,0,ABRAC.LAMP.FLUOR 20/40,UNID,1.00,0.00,0.00,20,0-,0-,ABRAC.FLU.20/40,,,,,,00000000000
19,0,ABRAC.LAMP.TUBOLAR 15-40,UNID,2.00,0.00,0.00,0,0-,0-,ABRAC.TUB.15/40,,,,,,00000000000
26,0,ABRAC.NYLON 150X32,EMBAL,10.00,0.00,0.00,0,0-,0-,ABRAC.150X32,,,,,,00000000000
27,0,ABRAC.NYLON 150X32 UNIDADE,UNID,0.50,0.00,0.00,0,0-,0-,ABRAC.150X32 UN,,,,,,00000000000
2174,0,ABRAC.NYLON 200-250X25 UNIDADE,UNID,0.50,0.00,0.00,0,0-,0-,ABRAC.N.200-250,,,,,,00000000000
2173,0,ABRAC.NYLON 200X25,UNID,20.00,0.00,0.00,0,0-,0-,ABRAC.N.200X25,,,,,,00000000000
24,0,ABRAC.NYLON 300X48,EMBAL,25.00,0.00,0.00,0,0-,0-,ABRAC.300X48,,,,,,00000000000
25,0,ABRAC.NYLON 300X48 UNIDADE,UNIDA,0.50,0.00,0.00,0,0-,0-,ABRAC.300X48 UN,,,,,,00000000000
2175,0,ABRAC.NYLON 390X48,UNID,38.00,0.00,0.00,0,0-,0-,ABRAC.N.390X48,,,,,,00000000000
2176,0,ABRAC.NYLON 390X48 UNIDADE,UNID,0.80,0.00,0.00,0,0-,0-,ABRAC.N.390X48U,,,,,,00000000000
28,0,ABRAC.NYLON 80-100X25,EMBAL,6.00,0.00,0.00,0,0-,0-,ABRAC.80-100X25,,,,,,00000000000
29,0,ABRAC.NYLON 80-100X25 UNIDADE,UNID,0.50,0.00,0.00,0,0-,0-,ABRAC.80-100X25,,,,,,00000000000
4,0,ABRAC.R.S/FIM 1.1/2X2,UNID,7.00,0.00,0.00,-6,0-,0-,ABRAC. 1.1/2X2,,,,,,00000000000
2,0,ABRAC.R.S/FIM 1/2X3/4,UNID,2.00,0.00,0.00,0,0-,0-,ABRAC. 1/2X3/4,,,,,,00000000000
1047,0,ABRAC.R.S/FIM 1X1.1/2,UNID,6.00,0.00,0.00,0,0-,0-,ABRAC. 1X1.1/2,,,,,,00000000000
5,0,ABRAC.R.S/FIM 2.1/2X3,UNID,8.00,0.00,0.00,-1,0-,0-,ABRAC. 2.1/2X3,,,,,,00000000000
6,0,ABRAC.R.S/FIM 3.1/2X4,UNID,10.00,0.00,0.00,0,0-,0-,ABRAC. 3.1/2X4,,,,,,00000000000
3,0,ABRAC.R.S/FIM 3/4X1,UNID,2.00,0.00,0.00,-3,0-,0-,ABRAC. 3/4X1,,,,,,00000000000
1,0,ABRAC.R.S/FIM 3/8X1/2,UNID,2.00,0.00,0.00,-6,0-,0-,ABRAC. 3/8X1/2,,,,,,00000000000
9,0,ABRAC.TIPO D 1,UNID,3.00,0.00,0.00,0,0-,0-,ABRAC. D 1,,,,,,00000000000
10,0,ABRAC.TIPO D 1.1/2,UNID,1.50,0.00,0.00,-1,0-,0-,ABRAC. D 1.1/2,,,,,,00000000000
7,0,ABRAC.TIPO D 1/2,UNID,4.00,0.00,0.00,0,0-,0-,ABRAC.D 1/2,,,,,,00000000000
8,0,ABRAC.TIPO D 3/4,UNID,4.00,0.00,0.00,1,0-,0-,ABRAC. D 3/4,,,,,,00000000000
13,0,ABRAC.TIPO U 1,UNID,2.00,0.00,0.00,-1,0-,0-,ABRAC. U 1,,,,,,00000000000
14,0,ABRAC.TIPO U 1.1/2,UNID,2.00,0.00,0.00,0,0-,0-,ABRAC. U 1.1/2,,,,,,00000000000
11,0,ABRAC.TIPO U 1/2,,1.00,0.00,0.00,0,0-,0-,ABRAC. U 1/2,,,,,,00000000000
15,0,ABRAC.TIPO U 2,UNID,2.00,0.00,0.00,0,0-,0-,ABRAC. U 2,,,,,,00000000000
16,0,ABRAC.TIPO U 2.1/2,UNID,3.50,0.00,0.00,0,0-,0-,ABRAC. U 2.1/2,,,,,,00000000000
17,0,ABRAC.TIPO U 3,UNID,3.50,0.00,0.00,0,0-,0-,ABRAC. U 3,,,,,,00000000000
47,0,ABRAC.TIPO U 3/4,UNID,1.00,0.00,0.00,0,0-,0-,ABRAC. U 3/4,,,,,,00000000000
18,0,ABRAC.TIPO U 4,UNID,5.00,0.00,0.00,-1,0-,0-,ABRAC. U 4,,,,,,00000000000
1049,0,ABRACADEIRA BORBOLETA,UNID,6.00,0.00,0.00,0,0-,0-,ABRAC.BORBOLETA,,,,,,00000000000
2057,0,ABRACADEIRA P/VARAL TETO,UNID,8.00,0.00,0.00,0,0-,0-,ABRAC.P/VARAL T,,,,,,00000000000
2053,0,ABRACADEIRA PVC 3/4,UNID,2.00,0.00,0.00,0,0-,0-,ABRAC.PVC 3/4,,,,,,00000000000
262,0,ACABAMENTO C50 1.1/2,UNID,40.00,0.00,0.00,0,0-,0-,ACABAM.C50 11/2,,,,,,00000000000
261,0,ACABAMENTO C50 3/4,UNID,35.00,0.00,0.00,0,0-,0-,ACABAM.C50 3/4,,,,,,00000000000
2150,0,ACABAMENTO P/ HIDRA,UNIDA,85.00,0.00,0.00,0,0-,0-,ACABAMENTO HIDR,,,,,,00000000000
2339,0,ADAP.FILTRO 1/2X6,UNID,30.00,0.00,0.00,0,0-,0-,ADAP.FILTRO 1/2,,,,,,00000000000
2340,0,ADAP.FILTRO P/TORNEIRA 1/2X6,UNID,65.00,0.00,0.00,0,0-,0-,ADAP.F.P/TORNEI,,,,,,00000000000
2231,0,ADAPTADOR DE SIFÃO,UNID,15.00,0.00,0.00,0,0-,0-,ADAPT. DE SIFAO,,,,,,00000000000
1151,0,ADAPTADOR ESPIGAO MACHO/FEMEA,UNID,23.00,0.00,0.00,0,0-,0-,A.ESP.MACHO/FEM,,,,,,00000000000
1973,0,ADAPTADOR GAS R.F.XR.GR,UNID,5.00,0.00,0.00,0,0-,0-,ADAP.GAS RFXRGR,,,,,,00000000000
1972,0,ADAPTADOR GAS R.GRXR.F.,UNID,5.00,0.00,0.00,0,0-,0-,ADAP.GAS RGRXRF,,,,,,00000000000
2088,0,ADAPTADOR GAS UNIV.R/F,UNID,38.00,0.00,0.00,0,0-,0-,ADAP.GAS UN.R/F,,,,,,00000000000
30,0,ADAPTADOR GAS UNIV.R/M,UNID,38.00,0.00,0.00,0,0-,0-,ADAP.GAS UN.R/M,,,,,,00000000000
32,0,ADAPTADOR JR 2,UNID,15.00,0.00,0.00,-1,0-,0-,ADAPTADOR JR 2,,,,,,00000000000
33,0,ADAPTADOR JR 3,UNID,26.00,0.00,0.00,-1,0-,0-,ADAPTADOR JR 3,,,,,,00000000000
34,0,ADAPTADOR JR 4,UNID,40.00,0.00,0.00,-1,0-,0-,ADAPTADOR JR 4,,,,,,00000000000
2001,0,ADAPTADOR JR 6,UNID,75.00,0.00,0.00,0,0-,0-,ADAPTADOR JR 6,,,,,,00000000000
37,0,ADAPTADOR M. 1,UNID,3.00,0.00,0.00,0,0-,0-,ADAPTADOR M. 1,,,,,,00000000000
39,0,ADAPTADOR M. 1.1/2,UNID,6.00,0.00,0.00,0,0-,0-,ADAPTADOR M11/2,,,,,,00000000000
38,0,ADAPTADOR M. 1.1/4,UNID,7.50,0.00,0.00,0,0-,0-,ADAPTADOR M11/4,,,,,,00000000000
35,0,ADAPTADOR M. 1/2,UNIDA,1.50,0.00,0.00,-11,0-,0-,ADAPTADOR M.1/2,,,,,,00000000000
40,0,ADAPTADOR M. 2,UNID,17.00,0.00,0.00,0,0-,0-,ADAPTADOR M. 2,,,,,,00000000000
36,0,ADAPTADOR M. 3/4,UNIDA,1.00,0.00,0.00,0,0-,0-,ADAPTADOR M.3/4,,,,,,00000000000
41,0,ADAPTADOR M. 40X50,UNID,15.00,0.00,0.00,0,0-,0-,ADAPTADOR 40X50,,,,,,00000000000
42,0,ADAPTADOR M. 50X40,UNID,15.00,0.00,0.00,0,0-,0-,ADAPTADOR 50X40,,,,,,00000000000
2075,0,ADAPTADOR P/DISCO BORRACHA 41/2-M5,UNID,18.00,0.00,0.00,0,0-,0-,ADAP.DISC41/2M5,,,,,,00000000000
2247,0,ADAPTADOR P/MAQ.LAVAR,UNID,40.00,0.00,0.00,0,0-,0-,ADAP.MAQ.LAVAR,,,,,,00000000000
123,0,ADAPTADOR RJ11 1FX2F,UNID,15.00,0.00,0.00,0,0-,0-,ADAP.RJ11 1FX2F,,,,,,00000000000
752,0,ADAPTADOR RJ11 1MX2F,UNID,15.00,0.00,0.00,-3,0-,0-,ADAP.RJ11 1MX2F,,,,,,00000000000
31,0,ADAPTADOR SD-PLUS,UNIDA,15.00,0.00,0.00,-3,0-,0-,ADAPT. SD-PLUS,,,,,,00000000000
1379,0,ADAPTADOR TOMADA UNIVERSAL,UNID,6.00,0.00,0.00,0,0-,0-,ADAPT.TOMADA,,,,,,00000000000
46,0,ADESIVO P/JUNTA MOTOR,UNID,15.00,0.00,0.00,0,0-,0-,ADES.JUNTA MOT.,,,,,,00000000000
1507,0,ADESIVO PVC 175G,UNID,20.00,0.00,0.00,-7,0-,0-,ADESIVO PVC 175,,,,,,00000000000
1505,0,ADESIVO PVC 17G,UNID,6.00,0.00,0.00,0,0-,0-,ADESIVO PVC 17G,,,,,,00000000000
1506,0,ADESIVO PVC 75G,UNID,11.00,0.00,0.00,-9,0-,0-,ADESIVO PVC 75G,,,,,,00000000000
890,0,ADITIVO PLAST.LIGMASSA GALAO,GALAO,60.00,0.00,0.00,0,0-,0-,ADIT.PLAST.GALA,,,,,,00000000000
60,0,ADITIVO PLAST.LIGMASSA LITRO,LITRO,25.00,0.00,0.00,-2,0-,0-,ADIT.PLAST.LITR,,,,,,00000000000
101,0,AGE MULT-INSETICIDA,UNID,45.00,0.00,0.00,0,0-,0-,AGE MULT-INSETI,,,,,,00000000000
2254,0,AGUA RAZ 450ML,UNID,18.00,0.00,0.00,0,0-,0-,AGUA RAZ 450ML,,,,,,00000000000
48,0,AGUA RAZ GALAO,UNID,120.00,0.00,0.00,0,0-,0-,AGUA RAZ GALAO,,,,,,00000000000
12,0,AGUA RAZ L.,LITRO,28.00,0.00,0.00,-32,0-,0-,AGUA RAZ L.,,,,,,00000000000
49,0,ALAVANCA 1.5M,UNID,150.00,0.00,0.00,0,0-,0-,ALAVANCA 1.5M,,,,,,00000000000
2070,0,ALAVANCA INCLINADA AF/I,UNID,38.00,0.00,0.00,0,0-,0-,ALAV.INCLI.AF/I,CAIXA ACOPLADA,,,,,00000000000
2071,0,ALAVANCA RETA AF/R,UNID,38.00,0.00,0.00,0,0-,0-,ALAV.RETA AF/R,CAIXA ACOPLADA,,,,,00000000000
58,0,ALICATE AMPERIMETRO,UNID,110.00,0.00,0.00,-2,0-,0-,ALICATE AMPERIM,,,,,,00000000000
50,0,ALICATE BOMBA DAGUA,UNID,36.00,0.00,0.00,0,0-,0-,ALICATE B.DAGUA,,,,,,00000000000
53,0,ALICATE DE BICO,UNID,45.00,0.00,0.00,0,0-,0-,ALICATE DE BICO,,,,,,00000000000
54,0,ALICATE DE CORTE,UNID,48.00,0.00,0.00,0,0-,0-,ALICATE CORTE,,,,,,00000000000
57,0,ALICATE DE CRIMPAR,UNID,60.00,0.00,0.00,-28,0-,0-,ALICATE CRIMPAR,,,,,,00000000000
55,0,ALICATE DE PRESSAO,UNID,60.00,0.00,0.00,0,0-,0-,ALICATE PRESSAO,,,,,,00000000000
2036,0,ALICATE DESC.FIO COAXIAL,UNID,20.00,0.00,0.00,-2,0-,0-,ALIC.DESC.FIO C,,,,,,00000000000
56,0,ALICATE DESC.FIOS,UNID,15.00,0.00,0.00,0,0-,0-,ALICATE DES.FIO,,,,,,00000000000
1105,0,ALICATE P/NIVELAR PISO,UNID,80.00,0.00,0.00,0,0-,0-,ALICAT.NIV.PISO,,,,,,00000000000
59,0,ALICATE REBITADOR,UNID,35.00,0.00,0.00,0,0-,0-,ALICATE REBITAD,,,,,,00000000000
52,0,ALICATE UNIVERSAL,UNID,55.00,0.00,0.00,0,0-,0-,ALICATE UNIVER.,,,,,,00000000000
1959,0,ANCINHO,UNID,30.00,0.00,0.00,0,0-,0-,ANCINHO,,,,,,00000000000
2018,0,ANEL DE CERA C/GUIA,UNID,15.00,0.00,0.00,0,0-,0-,ANEL CERA C/G,,,,,,00000000000
65,0,ANEL ESG.100,UNID,2.50,0.00,0.00,0,0-,0-,ANEL ESG.100,,,,,,00000000000
66,0,ANEL ESG.150,UNID,13.00,0.00,0.00,0,0-,0-,ANEL ESG.150,,,,,,00000000000
62,0,ANEL ESG.40,UNID,2.00,0.00,0.00,-1,0-,0-,ANEL ESG.40,,,,,,00000000000
910,0,ANEL ESG.50,UNID,1.50,0.00,0.00,0,0-,0-,ANEL ESG.50,,,,,,00000000000
911,0,ANEL ESG.75,UNID,2.50,0.00,0.00,0,0-,0-,ANEL ESG.75,,,,,,00000000000
67,0,ANEL HL 2,UNID,5.00,0.00,0.00,0,0-,0-,ANEL HL 2,,,,,,00000000000
68,0,ANEL HL 3,UNID,6.00,0.00,0.00,0,0-,0-,ANEL HL 3,,,,,,00000000000
69,0,ANEL HL 4,UNID,7.00,0.00,0.00,0,0-,0-,ANEL HL 4,,,,,,00000000000
76,0,ANEL JR 2,UNID,20.00,0.00,0.00,-1,0-,0-,ANEL JR 2,,,,,,00000000000
77,0,ANEL JR 3,UNID,25.00,0.00,0.00,-1,0-,0-,ANEL JR 3,,,,,,00000000000
78,0,ANEL JR 4,UNID,30.00,0.00,0.00,0,0-,0-,ANEL JR 4,,,,,,00000000000
2002,0,ANEL JR 6,UNID,75.00,0.00,0.00,0,0-,0-,ANEL JR 6,,,,,,00000000000
74,0,ANTENA INTERNA DIGITAL,UNID,35.00,0.00,0.00,-1,0-,0-,ANTENA INT.DIG.,,,,,,00000000000
79,0,ANTI-ESPUMA 10,UNID,30.00,0.00,0.00,-1,0-,0-,ANTI-ESPUMA 10,,,,,,00000000000
80,0,ANTI-ESPUMA 15,UNID,38.00,0.00,0.00,-1,0-,0-,ANTI-ESPUMA 15,,,,,,00000000000
1484,0,ANTIFOLHA PARA CALHA,UNID,8.00,0.00,0.00,-11,0-,0-,ANTIFOLHA P/CAL,,,,,,00000000000
81,0,APLICADOR PLASTICO,UNID,5.00,0.00,0.00,-11,0-,0-,APLICADOR PLAST,,,,,,00000000000
1381,0,APLICADOR SILICONE,UNID,25.00,0.00,0.00,-61,0-,0-,APLIC.SILICONE,,,,,,00000000000
82,0,AQUECEDOR FAME,UNID,260.00,0.00,0.00,0,0-,0-,AQUECEDOR FAME,,,,,,00000000000
83,0,AQUECEDOR LORENETTI,UNID,420.00,0.00,0.00,0,0-,0-,AQUECEDOR LOREN,,,,,,00000000000
1028,0,AQUELLA SILICONE,UNID,163.00,0.00,0.00,0,0-,0-,AQUELLA SILICON,,,,,,00000000000
85,0,ARAME FARPADO,UNID,70.00,0.00,0.00,0,0-,0-,ARAME FARPADO,,,,,,00000000000
87,0,ARAME GALVANIZADO 12,UNID,40.00,0.00,0.00,0,0-,0-,ARAME GALV.12,,,,,,00000000000
88,0,ARAME GALVANIZADO 14,UNID,40.00,0.00,0.00,0,0-,0-,ARAME GALV.14,,,,,,00000000000
89,0,ARAME GALVANIZADO 16,UNID,40.00,0.00,0.00,0,0-,0-,ARAME GALV.16,,,,,,00000000000
90,0,ARAME GALVANIZADO 18,UNID,40.00,0.00,0.00,0,0-,0-,ARAME GALV.18,,,,,,00000000000
91,0,ARAME GALVANIZADO 20,UNID,40.00,0.00,0.00,0,0-,0-,ARAME GALV.20,,,,,,00000000000
92,0,ARAME GALVANIZADO 22,UNID,40.00,0.00,0.00,0,0-,0-,ARAME GALV.22,,,,,,00000000000
93,0,ARAME RECOZIDO SIMPLES,UNID,25.00,0.00,0.00,-1,0-,0-,ARAME RECOZIDO,,,,,,00000000000
94,0,ARAME RECOZIDO TORCIDO,UNID,25.00,0.00,0.00,-3,0-,0-,ARAME R.TORCIDO,,,,,,00000000000
95,0,ARAME ROLINHO,UNID,7.00,0.00,0.00,-1,0-,0-,ARAME ROLINHO,,,,,,00000000000
98,0,ARCO DE SERRA,UNID,25.00,0.00,0.00,0,0-,0-,ARCO DE SERRA,,,,,,00000000000
96,0,ARCO DE SERRA MINI,UNID,20.00,0.00,0.00,-1,0-,0-,ARCO SERRA MINI,,,,,,00000000000
97,0,ARCO DE SERRA STARRET,UNID,58.00,0.00,0.00,0,0-,0-,ARCO S. STARRET,,,,,,00000000000
20,0,AREIA ENSACADA 20 K,UNID,6.00,0.00,0.00,-2668,0-,0-,AREIA ENSAC.20K,,,,,,00000000000
21,0,AREIA ENSACADA FINA 20K,UNID,6.50,0.00,0.00,0,0-,0-,AREIA FINA 20K,,,,,,00000000000
2030,0,AREJADOR P/TORNEIRA,UNID,15.00,0.00,0.00,0,0-,0-,AREJADOR TORNEI,,,,,,00000000000
71,0,ARGAMASSA AC-I INTERNA,SACO,23.00,0.00,0.00,-58,0-,0-,ARGAMASSA AC-1,,,,,,00000000000
72,0,ARGAMASSA AC-II EXTERNA,SACO,38.00,0.00,0.00,0,0-,0-,ARGAMASSA ACII,,,,,,00000000000
70,0,ARGAMASSA AC-III BRANCA,SACO,55.00,0.00,0.00,-7,0-,0-,ARGA ACIII BRAN,,,,,,00000000000
73,0,ARGAMASSA AC-III CINZA,SACO,55.00,0.00,0.00,-22,0-,0-,ARGA ACIII CINZ,,,,,,00000000000
2318,0,ARGAMASSA AC-III PAST/MOSAICO,SACO,200.00,0.00,0.00,0,0-,0-,ARGA ACIII PAST,,,,,,00000000000
1974,0,ARGAMASSA ACI P/KILO,QUILO,2.00,0.00,0.00,0,0-,0-,ARGAMASSA P/K.,,,,,,00000000000
99,0,ARGILA EXPANDIDA-CINASITA,SACO,60.00,0.00,0.00,0,0-,0-,ARGILA EXPANDID,,,,,,00000000000
2044,0,ARMACAO PRESBOL C/1,UNID,20.00,0.00,0.00,0,0-,0-,ARMACAO PRESBOL,,,,,,00000000000
107,0,ARRUELA LISA 1/2,UNID,0.80,0.00,0.00,0,0-,0-,ARRUELA L.1/2,,,,,,00000000000
104,0,ARRUELA LISA 1/4,UNID,0.20,0.00,0.00,0,0-,0-,ARRUELA L.1/4,,,,,,00000000000
102,0,ARRUELA LISA 1/8,UNID,0.10,0.00,0.00,-5,0-,0-,ARRUELA L.1/8,,,,,,00000000000
103,0,ARRUELA LISA 3/16,UNID,0.10,0.00,0.00,0,0-,0-,ARRUELA L.3/16,,,,,,00000000000
106,0,ARRUELA LISA 3/8,UNID,0.20,0.00,0.00,-1,0-,0-,ARRUELA L.3/8,,,,,,00000000000
105,0,ARRUELA LISA 5/16,UNID,0.20,0.00,0.00,0,0-,0-,ARRUELA L.5/16,,,,,,00000000000
2194,0,ARRUELA P/CONDUITE,UNID,0.00,0.00,0.00,0,0-,0-,ARRUELA P/CONDU,,,,,,00000000000
109,0,ASSENTO SANIT.ALMOFADADO,UNID,120.00,0.00,0.00,0,0-,0-,ASSENTO ALMOFAD,,,,,,00000000000
108,0,ASSENTO SANIT.SIMPLES,UNID,40.00,0.00,0.00,0,0-,0-,ASSENTO SIMPLES,,,,,,00000000000
1496,0,ASSENTO SANITARIO ALMOFADADO SLIN,UNID,90.00,0.00,0.00,0,0-,0-,ASSENTO ALM.SLN,,,,,,00000000000
1454,0,AUMENTO CROM.1/2 CURTO,UNID,10.00,0.00,0.00,-8,0-,0-,AUM.CROM.1/2 CU,,,,,,00000000000
1456,0,AUMENTO CROM.1/2 LONGO,UNID,15.00,0.00,0.00,-2,0-,0-,AUM.CROM.1/2 LO,,,,,,00000000000
1455,0,AUMENTO CROM.1/2 MEDIO,UNID,12.00,0.00,0.00,-3,0-,0-,AUM.CROM.1/2 ME,,,,,,00000000000
1460,0,AUMENTO CROM.3/4 CURTO,UNID,7.00,0.00,0.00,0,0-,0-,AUM.CROM.3/4 CU,,,,,,00000000000
1462,0,AUMENTO CROM.3/4 LONGO,UNID,9.00,0.00,0.00,0,0-,0-,AUM.CROM.3/4 LO,,,,,,00000000000
1461,0,AUMENTO CROM.3/4 MEDIO,UNID,8.00,0.00,0.00,0,0-,0-,AUM.CROM.3/4 ME,,,,,,00000000000
1451,0,AUMENTO LATAO 1/2 CURTO,UNID,12.00,0.00,0.00,-2,0-,0-,AUMENTO 1/2 CUR,,,,,,00000000000
1453,0,AUMENTO LATAO 1/2 LONGO,UNID,15.00,0.00,0.00,0,0-,0-,AUMENTO 1/2 LON,,,,,,00000000000
1452,0,AUMENTO LATAO 1/2 MEDIO,UNID,15.00,0.00,0.00,-4,0-,0-,AUMENTO 1/2 MED,,,,,,00000000000
1457,0,AUMENTO LATAO 3/4 CURTO,UNID,12.00,0.00,0.00,0,0-,0-,AUMENTO 3/4 CUR,,,,,,00000000000
1459,0,AUMENTO LATAO 3/4 LONGO,UNID,16.00,0.00,0.00,-3,0-,0-,AUMENTO 3/4 LON,,,,,,00000000000
1458,0,AUMENTO LATAO 3/4 MEDIO,UNID,12.00,0.00,0.00,0,0-,0-,AUMENTO 3/4 MED,,,,,,00000000000
111,0,AZULEJO BRANCO 15 METRO,UNID,85.00,0.00,0.00,0,0-,0-,AZULEJO 15 METR,,,,,,00000000000
110,0,AZULEJO BRANCO 15 PECA,UNID,5.00,0.00,0.00,0,0-,0-,AZULEJO 15 PECA,,,,,,00000000000
113,0,AZULEJO BRANCO 15.4 METRO,UNID,43.00,0.00,0.00,0,0-,0-,AZULEJO 15.4 M,,,,,,00000000000
112,0,AZULEJO BRANCO 15.4 PECA,UNID,1.50,0.00,0.00,0,0-,0-,AZULEJO 15.4 PC,,,,,,00000000000
1985,0,BACIA C/CX ACOPLADA,UNID,400.00,0.00,0.00,0,0-,0-,BACIA C/CX ACOP,,,,,,00000000000
1986,0,BACIA P/CAIXA ACOPLADA,UNID,150.00,0.00,0.00,0,0-,0-,BACIA P/CX.ACOP,,,,,,00000000000
114,0,BACIA SANITARIA,UNID,280.00,0.00,0.00,0,0-,0-,BACIA SANITARIA,,,,,,00000000000
115,0,BALDE PLASTICO,UNID,15.00,0.00,0.00,0,0-,0-,BALDE PLASTICO,,,,,,00000000000
116,0,BANDEJA GRANDE,UNID,15.00,0.00,0.00,0,0-,0-,BANDEJA GRANDE,,,,,,00000000000
117,0,BANDEJA PEQUENA,UNID,8.00,0.00,0.00,0,0-,0-,BANDEJA PEQUENA,,,,,,00000000000
118,0,BARBANTE ALGODAO,ROLO,10.00,0.00,0.00,0,0-,0-,BARBANTE ALGODA,,,,,,00000000000
119,0,BARBANTE FITILHO,ROLO,20.00,0.00,0.00,0,0-,0-,BARBANTE FITILH,,,,,,00000000000
2025,0,BARRA APOIO METAL 30,UNID,75.00,0.00,0.00,0,0-,0-,BARRA AP.MET.30,,,,,,00000000000
2026,0,BARRA APOIO METAL 40,UNID,90.00,0.00,0.00,0,0-,0-,BARRA AP.MET.40,,,,,,00000000000
125,0,BARRA ROSQUEADA 1/2 UNC,UNID,19.00,0.00,0.00,0,0-,0-,BARRA ROSQ.1/2,,,,,,00000000000
126,0,BARRA ROSQUEADA 1/4,UNID,10.00,0.00,0.00,0,0-,0-,BARRA ROSQ.1/4,,,,,,00000000000
127,0,BARRA ROSQUEADA 3/8,UNID,12.00,0.00,0.00,0,0-,0-,BARRA ROSQ.3/8,,,,,,00000000000
128,0,BARRA ROSQUEADA 5/16,UNID,11.00,0.00,0.00,-1,0-,0-,BARRA ROSQ.5/16,,,,,,00000000000
132,0,BARRAMENTO BIPOLAR,UNID,60.00,0.00,0.00,0,0-,0-,BARRAMENTO BIP.,,,,,,00000000000
86,0,BARRAMENTO NEUTRO,UNID,30.00,0.00,0.00,-6,0-,0-,BARRAMENTO NEUT,,,,,,00000000000
712,0,BASE P/RELE FOTOELETRICO,UNID,21.00,0.00,0.00,0,0-,0-,BASE P/RELE FOT,,,,,,00000000000
1967,0,BASE RIGIDA P/LAVATORIO,UNID,8.00,0.00,0.00,0,0-,0-,BASE RIG.P/LAV.,,,,,,00000000000
700,0,BATEDOR DE MASSA/TINTA,UNID,25.00,0.00,0.00,0,0-,0-,BATEDOR MAS/TIN,,,,,,00000000000
1882,0,BATEDOR DE PORTA,UNID,10.00,0.00,0.00,0,0-,0-,BATEDOR PORTA,,,,,,00000000000
501,0,BATEDOR PORTA BORRACHA,UNID,3.00,0.00,0.00,0,0-,0-,BAT.PORTA BORRA,,,,,,00000000000
133,0,BATENTE,UNID,290.00,0.00,0.00,0,0-,0-,BATENTE,,,,,,00000000000
135,0,BENGALA PRETA 1,UNID,35.00,0.00,0.00,-1,0-,0-,BENGALA PRT1,,,,,,00000000000
136,0,BENGALA PRETA 1.1/2,UNID,60.00,0.00,0.00,0,0-,0-,BENGALA PRT11/2,,,,,,00000000000
529,0,BENGALA PRETA 1.1/4,UNID,60.00,0.00,0.00,0,0-,0-,BENGALA PRT11/4,,,,,,00000000000
134,0,BENGALA PRETA 3/4,UNID,25.00,0.00,0.00,-1,0-,0-,BENGALA PRT3/4,,,,,,00000000000
137,0,BENJAMIM,UNID,6.00,0.00,0.00,0,0-,0-,BENJAMIM,,,,,,00000000000
141,0,BIANCO BALDE,BALDE,390.00,0.00,0.00,0,0-,0-,BIANCO BALDE,,,,,,00000000000
140,0,BIANCO GALAO,GALAO,125.00,0.00,0.00,0,0-,0-,BIANCO GALAO,,,,,,00000000000
139,0,BIANCO LITRO,LITRO,43.00,0.00,0.00,0,0-,0-,BIANCO LITRO,,,,,,00000000000
143,0,BICO DE TORNEIRA 3/4,UNID,5.00,0.00,0.00,0,0-,0-,BICO TORN.3/4,,,,,,00000000000
2077,0,BITS PHILIPS,UNID,8.00,0.00,0.00,0,0-,0-,BITS PHILIPS,,,,,,00000000000
144,0,BLOCO CIMENTO 09X19X39 (13M2),UNID,6.50,0.00,0.00,0,0-,0-,BLOCO CIMENTO10,,,,,,00000000000
145,0,BLOCO CIMENTO 14X19X39 (13M2),UNID,7.20,0.00,0.00,0,0-,0-,BLOCO CIMENTO15,,,,,,00000000000
146,0,BLOCO CIMENTO 20,UNID,9.00,0.00,0.00,0,0-,0-,BLOCO CIMENTO20,,,,,,00000000000
2202,0,BLOCO CONCRETO CELULAR,UNID,10.00,0.00,0.00,0,0-,0-,BLOCO CONC.CELU,,,,,,00000000000
147,0,BLOCO DE ESPUMA,UNID,6.00,0.00,0.00,0,0-,0-,BLOCO DE ESPUMA,,,,,,00000000000
149,0,BOCAL DE CALHA 3,UNID,10.00,0.00,0.00,-6,0-,0-,BOCAL CALHA 3,,,,,,00000000000
150,0,BOCAL DE CALHA 4,UNID,5.00,0.00,0.00,0,0-,0-,BOCAL CALHA 4,,,,,,00000000000
2213,0,BOIA DE NIVEL ELETRICA,UNID,80.00,0.00,0.00,0,0-,0-,BOIA NIVEL ELET,,,,,,00000000000
151,0,BOIA P/CAIXA ACOPLADA (KF),UNID,38.00,0.00,0.00,0,0-,0-,BOIA P/CAIXA KF,CAIXA ACOPLADA,,,,,00000000000
1893,0,BOIA P/FILTRO,UNID,10.00,0.00,0.00,-2,0-,0-,BOIA P/FILTRO,,,,,,00000000000
152,0,BOINA DE LA 5,UNID,30.00,0.00,0.00,0,0-,0-,BOINA DE LA 5,,,,,,00000000000
2327,0,BOLSA ADAPT.P/VASO 2,UNID,25.00,0.00,0.00,0,0-,0-,BOLSA ADAPT.V.2,,,,,,00000000000
711,0,BOLSA ADAPT.P/VASO 3,UNID,36.00,0.00,0.00,0,0-,0-,BOLSA ADAPT.V.3,,,,,,00000000000
154,0,BOLSA PRETA,UNID,5.00,0.00,0.00,0,0-,0-,BOLSA PRETA,,,,,,00000000000
155,0,BOLSA VED.CX.ACOP.(KS/BV),UNID,20.00,0.00,0.00,0,0-,0-,BOLSA VED.KS/BV,CAIXA ACOPLADA,,,,,00000000000
1961,0,BORRACHA 1/2 P/LIG.FLEX.,UNID,2.00,0.00,0.00,0,0-,0-,BORRACHA 1/2,,,,,,00000000000
1962,0,BORRACHA 3/4 P/UNIAO TORN.,UNID,2.00,0.00,0.00,0,0-,0-,BORRACHA 3/4,,,,,,00000000000
1963,0,BORRACHA 31/2 P/SIF.P.AMERICANA,UNID,1.00,0.00,0.00,0,0-,0-,BORRACHA 31/2,,,,,,00000000000
1965,0,BORRACHA NITRILICA 1/2-3/4-1,UNID,2.00,0.00,0.00,0,0-,0-,BORRACHA NITRIL,,,,,,00000000000
1964,0,BORRACHA P/SIF.LAVATORIO,UNID,1.00,0.00,0.00,0,0-,0-,BORRACHA P/LAVA,,,,,,00000000000
1966,0,BORRACHA P/VALV.AMERICANA,UNID,2.00,0.00,0.00,0,0-,0-,BORRACHA P.AMER,,,,,,00000000000
157,0,BOTA,UNID,50.00,0.00,0.00,0,0-,0-,BOTA,,,,,,00000000000
2265,0,BOTA DE BORRACHA,UNID,65.00,0.00,0.00,0,0-,0-,BOTA BORRACHA,,,,,,00000000000
156,0,BOTAO ACIONADOR CX ACOPLADA MB,UNID,36.00,0.00,0.00,0,0-,0-,BOTAO AC.ACOPLA,CAIXA ACOPLADA,,,,,00000000000
163,0,BRACO CHUVEIRO 30,UNID,25.00,0.00,0.00,0,0-,0-,BRACO CHUV.30,,,,,,00000000000
1485,0,BRACO CHUVEIRO 30 PLASTICO,UNID,15.00,0.00,0.00,0,0-,0-,BRACO 30 PLAST.,,,,,,00000000000
164,0,BRACO CHUVEIRO 40,UNID,20.00,0.00,0.00,0,0-,0-,BRACO CHUV.40,,,,,,00000000000
1486,0,BRACO CHUVEIRO 40 PLASTICO,UNID,20.00,0.00,0.00,0,0-,0-,BRACO 40 PLAST.,,,,,,00000000000
186,0,BROCA ACO RAP 10.5MM,UNID,23.00,0.00,0.00,0,0-,0-,BROCA ACO10.5MM,,,,,,00000000000
166,0,BROCA ACO RAP. 1.0MM,UNID,12.00,0.00,0.00,0,0-,0-,BROCA ACO 1.0MM,,,,,,00000000000
167,0,BROCA ACO RAP. 1.5MM,UNID,10.00,0.00,0.00,-10,0-,0-,BROCA ACO 1.5MM,,,,,,00000000000
185,0,BROCA ACO RAP. 10.0MM,UNID,36.00,0.00,0.00,-3,0-,0-,BROCA ACO10.0MM,,,,,,00000000000
168,0,BROCA ACO RAP. 2.0MM,UNID,9.00,0.00,0.00,-6,0-,0-,BROCA ACO 2.0MM,,,,,,00000000000
169,0,BROCA ACO RAP. 2.5MM,UNID,9.00,0.00,0.00,0,0-,0-,BROCA ACO 2.5MM,,,,,,00000000000
170,0,BROCA ACO RAP. 3.0MM,UNID,8.00,0.00,0.00,0,0-,0-,BROCA ACO 3.0MM,,,,,,00000000000
171,0,BROCA ACO RAP. 3.5MM,UNID,8.00,0.00,0.00,0,0-,0-,BROCA ACO 3.5MM,,,,,,00000000000
172,0,BROCA ACO RAP. 4.0MM,UNID,10.00,0.00,0.00,0,0-,0-,BROCA ACO 4.0MM,,,,,,00000000000
173,0,BROCA ACO RAP. 4.5MM,UNID,9.00,0.00,0.00,0,0-,0-,BROCA ACO 4.5MM,,,,,,00000000000
174,0,BROCA ACO RAP. 5.0MM,UNID,10.00,0.00,0.00,0,0-,0-,BROCA ACO 5.0MM,,,,,,00000000000
175,0,BROCA ACO RAP. 5.5MM,UNID,12.00,0.00,0.00,0,0-,0-,BROCA ACO 5.5MM,,,,,,00000000000
176,0,BROCA ACO RAP. 6.0MM,UNID,13.00,0.00,0.00,10,0-,0-,BROCA ACO 6.0MM,,,,,,00000000000
177,0,BROCA ACO RAP. 6.5MM,UNID,15.00,0.00,0.00,0,0-,0-,BROCA ACO 6.5MM,,,,,,00000000000
178,0,BROCA ACO RAP. 7.0MM,UNID,15.00,0.00,0.00,0,0-,0-,BROCA ACO 7.0MM,,,,,,00000000000
179,0,BROCA ACO RAP. 7.5MM,UNID,15.00,0.00,0.00,0,0-,0-,BROCA ACO 7.5MM,,,,,,00000000000
180,0,BROCA ACO RAP. 8.0MM,UNID,21.00,0.00,0.00,0,0-,0-,BROCA ACO 8.0MM,,,,,,00000000000
181,0,BROCA ACO RAP. 8.5MM,UNID,25.00,0.00,0.00,0,0-,0-,BROCA ACO 8.5MM,,,,,,00000000000
183,0,BROCA ACO RAP. 9.0MM,UNID,28.00,0.00,0.00,0,0-,0-,BROCA ACO 9.0MM,,,,,,00000000000
184,0,BROCA ACO RAP. 9.5MM,UNID,30.00,0.00,0.00,0,0-,0-,BROCA ACO 9.5MM,,,,,,00000000000
225,0,BROCA CHATA 1,UNID,23.00,0.00,0.00,0,0-,0-,BROCA 1 CHATA,,,,,,00000000000
200,0,BROCA CHATA 1.1/2,UNID,23.00,0.00,0.00,-2,0-,0-,BROCA 1.1/2 CHA,,,,,,00000000000
226,0,BROCA CHATA 1.1/4,UNID,23.00,0.00,0.00,0,0-,0-,BROCA 1.1/4 CHA,,,,,,00000000000
192,0,BROCA CHATA 1/2,UNID,23.00,0.00,0.00,0,0-,0-,BROCA 1/2 CHATA,,,,,,00000000000
188,0,BROCA CHATA 1/4,UNID,23.00,0.00,0.00,0,0-,0-,BROCA 1/4 CHATA,,,,,,00000000000
195,0,BROCA CHATA 11/16,UNID,23.00,0.00,0.00,0,0-,0-,BROCA 11/16 CHA,,,,,,00000000000
196,0,BROCA CHATA 3/4,UNID,23.00,0.00,0.00,0,0-,0-,BROCA 3/4 CHATA,,,,,,00000000000
190,0,BROCA CHATA 3/8,UNID,23.00,0.00,0.00,0,0-,0-,BROCA 3/8 CHATA,,,,,,00000000000
189,0,BROCA CHATA 5/16,UNID,23.00,0.00,0.00,0,0-,0-,BROCA 5/16 CHAT,,,,,,00000000000
194,0,BROCA CHATA 5/8,UNID,23.00,0.00,0.00,0,0-,0-,BROCA CHATA 5/8,,,,,,00000000000
191,0,BROCA CHATA 7/16,UNID,23.00,0.00,0.00,0,0-,0-,BROCA 7/16 CHAT,,,,,,00000000000
224,0,BROCA CHATA 7/8,UNID,23.00,0.00,0.00,0,0-,0-,BROCA 7/8 CHATA,,,,,,00000000000
193,0,BROCA CHATA 9/16,UNID,23.00,0.00,0.00,0,0-,0-,BROCA 9/16 CHAT,,,,,,00000000000
1802,0,BROCA ESCALONADA 4-20,UNIDA,40.00,0.00,0.00,-1,0-,0-,BROCA ESCAL4-20,,,,,,00000000000
222,0,BROCA MOURAO 1/4,UNID,36.00,0.00,0.00,0,0-,0-,BROCA MOUR.1/4,,,,,,00000000000
223,0,BROCA MOURAO 5/16,UNID,50.00,0.00,0.00,0,0-,0-,BROCA MOUR.5/16,,,,,,00000000000
1070,0,BROCA MOURAO 9/32,UNID,41.00,0.00,0.00,0,0-,0-,BROCA MOUR.9/32,,,,,,00000000000
2241,0,BROCA PORCELANATO 06,UNID,15.00,0.00,0.00,0,0-,0-,BROCA PORCEL.06,,,,,,00000000000
2032,0,BROCA PORCELANATO 08,UNID,20.00,0.00,0.00,0,0-,0-,BROCA PORCEL.08,,,,,,00000000000
2033,0,BROCA PORCELANATO 10,UNID,25.00,0.00,0.00,0,0-,0-,BROCA PORCEL.10,,,,,,00000000000
201,0,BROCA WIDEA 03,UNID,8.00,0.00,0.00,0,0-,0-,BROCA WIDEA 03,,,,,,00000000000
202,0,BROCA WIDEA 04,UNID,8.00,0.00,0.00,0,0-,0-,BROCA WIDEA 04,,,,,,00000000000
203,0,BROCA WIDEA 05,UNID,10.00,0.00,0.00,0,0-,0-,BROCA WIDEA 05,,,,,,00000000000
204,0,BROCA WIDEA 06,UNID,10.00,0.00,0.00,-1,0-,0-,BROCA WIDEA 06,,,,,,00000000000
205,0,BROCA WIDEA 08,UNID,15.00,0.00,0.00,0,0-,0-,BROCA WIDEA 08,,,,,,00000000000
206,0,BROCA WIDEA 10,UNID,18.00,0.00,0.00,0,0-,0-,BROCA WIDEA 10,,,,,,00000000000
207,0,BROCA WIDEA 12,UNID,20.00,0.00,0.00,0,0-,0-,BROCA WIDEA 12,,,,,,00000000000
208,0,BROCA WIDEA LONGA 06,UNID,27.00,0.00,0.00,-3,0-,0-,BROCA LONGA 06,,,,,,00000000000
209,0,BROCA WIDEA LONGA 08,UNID,25.00,0.00,0.00,-1,0-,0-,BROCA LONGA 08,,,,,,00000000000
210,0,BROCA WIDEA LONGA 10,UNID,30.00,0.00,0.00,0,0-,0-,BROCA LONGA 10,,,,,,00000000000
211,0,BROCA WIDEA LONGA 12,UNID,36.00,0.00,0.00,0,0-,0-,BROCA LONGA 12,,,,,,00000000000
212,0,BROCA WIDEA SDS-PLUS 05X160,UNID,10.00,0.00,0.00,0,0-,0-,BROCA SDS05X160,,,,,,00000000000
213,0,BROCA WIDEA SDS-PLUS 06X160,UNID,10.00,0.00,0.00,0,0-,0-,BROCA SDS06X160,,,,,,00000000000
214,0,BROCA WIDEA SDS-PLUS 08X160,UNID,10.00,0.00,0.00,0,0-,0-,BROCA SDS08X160,,,,,,00000000000
215,0,BROCA WIDEA SDS-PLUS 10X160,UNID,12.00,0.00,0.00,0,0-,0-,BROCA SDS10X160,,,,,,00000000000
153,0,BROCA WIDEA SDS-PLUS 10X450,UNID,30.00,0.00,0.00,0,0-,0-,BROCA SDS10X450,,,,,,00000000000
216,0,BROCA WIDEA SDS-PLUS 12X160,UNID,12.00,0.00,0.00,0,0-,0-,BROCA SDS12X160,,,,,,00000000000
158,0,BROCA WIDEA SDS-PLUS 12X450,UNID,35.00,0.00,0.00,-1,0-,0-,BROCA SDS12X450,,,,,,00000000000
217,0,BROCA WIDEA SDS-PLUS 14X160,UNID,18.00,0.00,0.00,0,0-,0-,BROCA SDS14X160,,,,,,00000000000
162,0,BROCA WIDEA SDS-PLUS 14X450,UNID,40.00,0.00,0.00,0,0-,0-,BROCA SDS14X450,,,,,,00000000000
218,0,BROCA WIDEA SDS-PLUS 16X160,UNID,50.00,0.00,0.00,0,0-,0-,BROCA SDS16X160,,,,,,00000000000
219,0,BROCA WIDEA SDS-PLUS 18X210,UNID,40.00,0.00,0.00,0,0-,0-,BROCA SDS18X210,,,,,,00000000000
220,0,BROCA WIDEA SDS-PLUS 19X210,UNID,40.00,0.00,0.00,0,0-,0-,BROCA SDS19X210,,,,,,00000000000
221,0,BROCA WIDEA SDS-PLUS 20X210,UNID,95.00,0.00,0.00,0,0-,0-,BROCA SDS20X210,,,,,,00000000000
228,0,BROXA RETANGULAR,UNID,10.00,0.00,0.00,-4,0-,0-,BROXA RETANG.,,,,,,00000000000
229,0,BUCHA 04,UNID,0.10,0.00,0.00,0,0-,0-,BUCHA 04,,,,,,00000000000
230,0,BUCHA 05,UNID,0.10,0.00,0.00,0,0-,0-,BUCHA 05,,,,,,00000000000
231,0,BUCHA 06,UNID,0.10,0.00,0.00,0,0-,0-,BUCHA 06,,,,,,00000000000
232,0,BUCHA 07,UNID,0.10,0.00,0.00,0,0-,0-,BUCHA 07,,,,,,00000000000
233,0,BUCHA 08,UNID,0.10,0.00,0.00,0,0-,0-,BUCHA 08,,,,,,00000000000
234,0,BUCHA 10,UNID,0.15,0.00,0.00,0,0-,0-,BUCHA 10,,,,,,00000000000
235,0,BUCHA 12,UNID,0.30,0.00,0.00,0,0-,0-,BUCHA 12,,,,,,00000000000
1980,0,BUCHA C/ANEL 06,UNID,0.10,0.00,0.00,0,0-,0-,BUCHA C/ANEL 06,,,,,,00000000000
1981,0,BUCHA C/ANEL 08,UNID,0.10,0.00,0.00,0,0-,0-,BUCHA C/ANEL 08,,,,,,00000000000
1982,0,BUCHA C/ANEL 10,UNID,0.15,0.00,0.00,0,0-,0-,BUCHA C/ANEL 10,,,,,,00000000000
1983,0,BUCHA C/ANEL 12,UNID,0.15,0.00,0.00,0,0-,0-,BUCHA C/ANEL 12,,,,,,00000000000
1032,0,BUCHA FISHER FU8,UNID,0.80,0.00,0.00,0,0-,0-,BUCHA FIS.FU8,,,,,,00000000000
129,0,BUCHA FISHER SX08,UNID,0.80,0.00,0.00,0,0-,0-,BUCHA FIS.SX08,,,,,,00000000000
240,0,BUCHA LL 1.1/2X1.1/4,UNID,60.00,0.00,0.00,0,0-,0-,BUCHA 11/2X11/4,,,,,,00000000000
241,0,BUCHA LL 1.1/2X3/4,UNID,35.00,0.00,0.00,0,0-,0-,BUCHA 11/2X3/4,,,,,,00000000000
242,0,BUCHA LL 1.1/4X1,UNID,23.00,0.00,0.00,0,0-,0-,BUCHA 11/4X1,,,,,,00000000000
243,0,BUCHA LL 1.1/4X3/4,UNID,23.00,0.00,0.00,0,0-,0-,BUCHA 11/4X3/4,,,,,,00000000000
585,0,BUCHA LL 1X1/2,UNID,15.00,0.00,0.00,0,0-,0-,BUCHA LL 1X1/2,,,,,,00000000000
244,0,BUCHA LL 1X3/4,UNID,15.00,0.00,0.00,0,0-,0-,BUCHA 1X3/4,,,,,,00000000000
239,0,BUCHA LL 2X1.1/2,UNID,48.00,0.00,0.00,0,0-,0-,BUCHA 2X11/2,,,,,,00000000000
1991,0,BUCHA LL 2X3/4,UNID,65.00,0.00,0.00,0,0-,0-,BUCHA LL 2X3/4,,,,,,00000000000
245,0,BUCHA LL 3/4X1/2,UNID,12.00,0.00,0.00,0,0-,0-,BUCHA 3/4X1/2,,,,,,00000000000
246,0,BUCHA MAR.25X20,UNID,1.00,0.00,0.00,0,0-,0-,BUCHA MAR.25X20,,,,,,00000000000
247,0,BUCHA MAR.32X25,UNID,2.00,0.00,0.00,0,0-,0-,BUCHA MAR.32X25,,,,,,00000000000
248,0,BUCHA MAR.40X32,UNID,3.00,0.00,0.00,0,0-,0-,BUCHA MAR.40X32,,,,,,00000000000
249,0,BUCHA MAR.50X40,UNID,5.00,0.00,0.00,0,0-,0-,BUCHA MAR.50X40,,,,,,00000000000
250,0,BUCHA MAR.60X50,UNID,9.00,0.00,0.00,0,0-,0-,BUCHA MAR.60X50,,,,,,00000000000
2195,0,BUCHA P/CONDUITE,UNID,0.00,0.00,0.00,0,0-,0-,BUCHA P/CONDUIT,,,,,,00000000000
237,0,BUCHA P/GESSO DRYFIX,UNID,0.80,0.00,0.00,0,0-,0-,BUCHA DRYFIX,,,,,,00000000000
236,0,BUCHA P/GESSO FLY,UNID,0.80,0.00,0.00,0,0-,0-,BUCHA GESSO FLY,,,,,,00000000000
2342,0,BUCHA P/GESSO K54,UNID,3.00,0.00,0.00,0,0-,0-,BUCHA P/GESSO54,,,,,,00000000000
260,0,BUCHA RR LAT.INV.1/2X3/4,UNID,21.00,0.00,0.00,0,0-,0-,BUCHA INV.1/2X3,,,,,,00000000000
259,0,BUCHA RR LATAO 3/4X1/2,UNID,15.00,0.00,0.00,-1,0-,0-,BUCHA RR3/4X1/2,,,,,,00000000000
256,0,BUCHA RR PLAST.11/2X11/4,UNID,2.50,0.00,0.00,0,0-,0-,BUCHA RR112X114,,,,,,00000000000
254,0,BUCHA RR PLAST.11/4X1,UNID,2.00,0.00,0.00,0,0-,0-,BUCHA RR114/1,,,,,,00000000000
255,0,BUCHA RR PLAST.11/4X3/4,UNID,2.00,0.00,0.00,0,0-,0-,BUCHA RR114X3/4,,,,,,00000000000
257,0,BUCHA RR PLAST.112/2X3/4,UNID,3.00,0.00,0.00,0,0-,0-,BUCHA RR11/2X34,,,,,,00000000000
253,0,BUCHA RR PLAST.1X1/2,UNID,1.50,0.00,0.00,0,0-,0-,BUCHA RR1X1/2,,,,,,00000000000
252,0,BUCHA RR PLAST.1X3/4,UNID,1.00,0.00,0.00,0,0-,0-,BUCHA RR 1X3/4,,,,,,00000000000
258,0,BUCHA RR PLAST.2X11/2,UNID,4.00,0.00,0.00,-1,0-,0-,BUCHA RR2X11/2,,,,,,00000000000
251,0,BUCHA RR PLAST.3/4X1/2,UNID,4.00,0.00,0.00,0,0-,0-,BUCHA RR3/4X1/2,,,,,,00000000000
238,0,BUCHA SFORBOLT,UNID,6.00,0.00,0.00,0,0-,0-,BUCHA SFORBOLT,,,,,,00000000000
263,0,CABECEIRA DE CALHA,UNID,10.00,0.00,0.00,0,0-,0-,CABECEIRA CALHA,,,,,,00000000000
265,0,CABIDE GRANDE,UNID,8.00,0.00,0.00,0,0-,0-,CABIDE GRANDE,,,,,,00000000000
264,0,CABIDE PEQUENO,UNID,5.00,0.00,0.00,0,0-,0-,CABIDE PEQUENO,,,,,,00000000000
2373,0,CABO 1P2+1P2,UNID,8.00,0.00,0.00,0,0-,0-,CABO 1P2+1P2,,,,,,00000000000
269,0,CABO 3RCA AUDIO/VIDEO,UNID,6.00,0.00,0.00,-65,0-,0-,CABO 3RCA AUD/V,,,,,,00000000000
286,0,CABO COMPUTADOR/NOTEBOOK,UNID,18.00,0.00,0.00,0,0-,0-,CABO COMP.NOTEB,,,,,,00000000000
266,0,CABO DE ACO 3/16,METRO,14.00,0.00,0.00,0,0-,0-,CABO ACO 3/16,,,,,,00000000000
267,0,CABO DE ACO 3/8,METRO,19.00,0.00,0.00,-28,0-,0-,CABO ACO 3/8,,,,,,00000000000
268,0,CABO DE ACO 5/16,METRO,16.00,0.00,0.00,0,0-,0-,CABO ACO 5/16,,,,,,00000000000
270,0,CABO DE ENXADA,UNID,18.00,0.00,0.00,0,0-,0-,CABO DE ENXADA,,,,,,00000000000
2092,0,CABO DE LIMA,UNID,5.00,0.00,0.00,0,0-,0-,CABO DE LIMA,,,,,,00000000000
292,0,CABO DE MACHADO,UNID,16.00,0.00,0.00,0,0-,0-,CABO MACHADO,,,,,,00000000000
293,0,CABO DE PA,UNID,16.00,0.00,0.00,-1,0-,0-,CABO PA,,,,,,00000000000
291,0,CABO DE PICARETA,UNID,23.00,0.00,0.00,-1,0-,0-,CABO PICARETA,,,,,,00000000000
2154,0,CABO DE REDE 5M,UNID,15.00,0.00,0.00,0,0-,0-,CABO DE REDE 5M,,,,,,00000000000
272,0,CABO DE REDE C/10M,UNID,22.00,0.00,0.00,0,0-,0-,CABO REDE 10M,,,,,,00000000000
273,0,CABO DE REDE P/METRO,METRO,5.00,0.00,0.00,0,0-,0-,CABO REDE P/MET,,,,,,00000000000
371,0,CABO FLEX.1.0,UNID,110.00,0.00,0.00,0,0-,0-,CABO FLEX.1.0,,,,,,00000000000
274,0,CABO FLEX.1.5 P/METRO,METRO,4.50,0.00,0.00,0,0-,0-,CABO FLEX.1.5 M,,,,,,00000000000
275,0,CABO FLEX.1.5 ROLO,ROLO,250.00,0.00,0.00,0,0-,0-,CABO FLEX.1.5 R,,,,,,00000000000
282,0,CABO FLEX.10 P/METRO,METRO,18.00,0.00,0.00,0,0-,0-,CABO FLEX.10 M,,,,,,00000000000
283,0,CABO FLEX.10 ROLO,ROLO,1350.00,0.00,0.00,0,0-,0-,CABO FLEX.10 R,,,,,,00000000000
285,0,CABO FLEX.16 P/METRO,METRO,25.00,0.00,0.00,0,0-,0-,CABO FLEX.16 M,,,,,,00000000000
284,0,CABO FLEX.16 ROLO,ROLO,2000.00,0.00,0.00,0,0-,0-,CABO FLEX.16 R,,,,,,00000000000
2197,0,CABO FLEX.2.5 MT,METRO,6.00,0.00,0.00,0,0-,0-,CABO FLEX.2.5 M,,,,,,00000000000
2196,0,CABO FLEX.2.5 ROLO,ROLO,400.00,0.00,0.00,0,0-,0-,CABO FLEX.2.5 R,,,,,,00000000000
278,0,CABO FLEX.4 P/METRO,UNID,8.00,0.00,0.00,0,0-,0-,CABO FLEX.4 M,,,,,,00000000000
279,0,CABO FLEX.4 ROLO,UNID,480.00,0.00,0.00,0,0-,0-,CABO FLEX.4 R,,,,,,00000000000
281,0,CABO FLEX.6 P/METRO,UNID,12.00,0.00,0.00,0,0-,0-,CABO FLEX.6 M,,,,,,00000000000
280,0,CABO FLEX.6 ROLO,UNID,780.00,0.00,0.00,0,0-,0-,CABO FLEX.6 R,,,,,,00000000000
2285,0,CABO FORÇA TV/RADIO,UNID,15.00,0.00,0.00,0,0-,0-,CABO TV/RADIO,,,,,,00000000000
287,0,CABO HDMI,UNID,25.00,0.00,0.00,0,0-,0-,CABO HDMI,,,,,,00000000000
271,0,CABO MARTELO/MARRETA,UNID,15.00,0.00,0.00,0,0-,0-,CABO MART/MARRE,,,,,,00000000000
288,0,CABO P/BATERIA,UNID,65.00,0.00,0.00,0,0-,0-,CABO P/BATERIA,,,,,,00000000000
289,0,CABO PP 2X1.5,METRO,8.00,0.00,0.00,-1,0-,0-,CABO PP 2X1.5,,,,,,00000000000
882,0,"CABO PP 2X2,5",METRO,12.00,0.00,0.00,-8,0-,0-,"CABO PP 2X2,5",,,,,,00000000000
290,0,CABO PP 3X1.5,METRO,11.00,0.00,0.00,0,0-,0-,CABO PP 3.1.5,,,,,,00000000000
883,0,"CABO PP 3X2,5",METRO,15.00,0.00,0.00,0,0-,0-,"CABO PP 3X2,5",,,,,,00000000000
84,0,CABO REVESTIDO P/VARAL,METRO,1.50,0.00,0.00,0,0-,0-,CABO REV.P/VARA,,,,,,00000000000
295,0,CACAMBA P/MASSA 20L,UNID,18.00,0.00,0.00,-1,0-,0-,CACAMBA M.20L,,,,,,00000000000
296,0,CACAMBA P/MASSA 40L,UNID,45.00,0.00,0.00,0,0-,0-,CACAMBA M.40L,,,,,,00000000000
297,0,CACAMBA P/TINTA 4L,UNID,35.00,0.00,0.00,0,0-,0-,CACAMBA TINTA4L,,,,,,00000000000
298,0,CADEADO 20,UNID,20.00,0.00,0.00,0,0-,0-,CADEADO 20,,,,,,00000000000
313,0,CADEADO 23 C/SEGREDO,UNID,46.00,0.00,0.00,0,0-,0-,CADEADO 23C/SEG,,,,,,00000000000
299,0,CADEADO 25,UNID,22.00,0.00,0.00,-2,0-,0-,CADEADO 25,,,,,,00000000000
300,0,CADEADO 30,UNID,30.00,0.00,0.00,0,0-,0-,CADEADO 30,,,,,,00000000000
309,0,CADEADO 30X75 H.LONGA,UNID,30.00,0.00,0.00,0,0-,0-,CADEADO 30H.LON,,,,,,00000000000
301,0,CADEADO 35,UNID,36.00,0.00,0.00,0,0-,0-,CADEADO 35,,,,,,00000000000
310,0,CADEADO 35X70 H.LONGA,UNID,40.00,0.00,0.00,0,0-,0-,CADEADO 35H.LON,,,,,,00000000000
302,0,CADEADO 40,UNID,35.00,0.00,0.00,0,0-,0-,CADEADO 40,,,,,,00000000000
314,0,CADEADO 40 C/SEGREDO,UNID,45.00,0.00,0.00,0,0-,0-,CADEADO 40C/SEG,,,,,,00000000000
303,0,CADEADO 45,UNID,45.00,0.00,0.00,0,0-,0-,CADEADO 45,,,,,,00000000000
304,0,CADEADO 50,UNID,55.00,0.00,0.00,0,0-,0-,CADEADO 50,,,,,,00000000000
306,0,CADEADO 50 TETRA,UNID,100.00,0.00,0.00,0,0-,0-,CADEADO 50 TETR,,,,,,00000000000
305,0,CADEADO 60,UNID,93.00,0.00,0.00,0,0-,0-,CADEADO 60,,,,,,00000000000
307,0,CADEADO 60 TETRA,UNID,115.00,0.00,0.00,0,0-,0-,CADEADO 60 TETR,,,,,,00000000000
312,0,CADEADO P/MOTO,UNID,38.00,0.00,0.00,0,0-,0-,CADEADO P/MOTO,,,,,,00000000000
308,0,CADEADO PORTA DE ACO ART 12T,UNID,220.00,0.00,0.00,0,0-,0-,CADEADO P.ACO,,,,,,00000000000
315,0,CAIBRO 5X6,METRO,10.00,0.00,0.00,0,0-,0-,CAIBRO 5X6,,,,,,00000000000
332,0,CAIXA 3X3 SIST.X,UNID,7.00,0.00,0.00,0,0-,0-,CAIXA 3X3 X,,,,,,00000000000
1263,0,CAIXA C/MOLA 3.5,UNID,150.00,0.00,0.00,0,0-,0-,CAIXA MOLA 3.5,,,,,,00000000000
1264,0,CAIXA C/MOLA 4.5,UNID,200.00,0.00,0.00,0,0-,0-,CAIXA MOLA 4.5,,,,,,00000000000
316,0,CAIXA D AGUA,UNID,0.00,0.00,0.00,0,0-,0-,CAIXA DAGUA,,,,,,00000000000
318,0,CAIXA DE CARTA CHAPA,UNID,80.00,0.00,0.00,0,0-,0-,CAIXA CARTA CHA,,,,,,00000000000
319,0,CAIXA DE CARTA PLASTICO,UNID,22.00,0.00,0.00,0,0-,0-,CAIXA CARTA PLA,,,,,,00000000000
2069,0,CAIXA DE DESCARGA,UNID,60.00,0.00,0.00,0,0-,0-,CAIXA DESCARGA,,,,,,00000000000
331,0,CAIXA DE INSPECAO,UNID,8.00,0.00,0.00,0,0-,0-,CAIXA INSPECAO,,,,,,00000000000
199,0,CAIXA DE LUZ 3X3,UNID,4.00,0.00,0.00,-2,0-,0-,CAIXA 3X3,,,,,,00000000000
197,0,CAIXA DE LUZ 4X2,UNID,3.00,0.00,0.00,-87,0-,0-,CAIXA 4X2,,,,,,00000000000
2027,0,CAIXA DE LUZ 4X2 DRYWALL,UNID,6.00,0.00,0.00,0,0-,0-,CAIXA 4X2 DRYWA,,,,,,00000000000
321,0,CAIXA DE LUZ 4X2 TRAMONTINA,UNID,3.00,0.00,0.00,0,0-,0-,CAIXA 4X2 TRAMO,,,,,,00000000000
198,0,CAIXA DE LUZ 4X4,UNID,4.00,0.00,0.00,0,0-,0-,CAIXA LUZ 4X4,,,,,,00000000000
2028,0,CAIXA DE LUZ 4X4 DRYWALL,UNID,8.00,0.00,0.00,0,0-,0-,CAIXA 4X4 DRYWA,,,,,,00000000000
322,0,CAIXA DE LUZ 6X6 F.MOVEL,UNID,6.00,0.00,0.00,0,0-,0-,CAIXA 6X6F.MOV.,,,,,,00000000000
465,0,CAIXA FERRAMENTA CHAPA,UNID,65.00,0.00,0.00,-12,0-,0-,CAIXA FERR.CHAP,,,,,,00000000000
1034,0,CAIXA FERRAMENTA PLASTICA 12L,UNID,38.00,0.00,0.00,0,0-,0-,CAIXA FER.PL12L,,,,,,00000000000
466,0,CAIXA FERRAMENTA PLASTICA 19L,UNID,78.00,0.00,0.00,0,0-,0-,CAIXA FER.PL19L,,,,,,00000000000
320,0,CAIXA P/LAJE,UNID,10.00,0.00,0.00,-8,0-,0-,CAIXA P/LAJE,,,,,,00000000000
2037,0,CAIXA PASSAGEM 10X10,UNID,35.00,0.00,0.00,0,0-,0-,CAIXA PAS.10X10,,,,,,00000000000
323,0,CAIXA PASSAGEM 15X11,UNID,25.00,0.00,0.00,-1,0-,0-,CAIXA PAS.15X11,,,,,,00000000000
324,0,CAIXA PASSAGEM 15X15,UNID,40.00,0.00,0.00,-2,0-,0-,CAIXA PASS.15,,,,,,00000000000
325,0,CAIXA PASSAGEM 18X21,UNID,110.00,0.00,0.00,0,0-,0-,CAIXA PASS18X21,,,,,,00000000000
2038,0,CAIXA PASSAGEM 30X22,UNID,135.00,0.00,0.00,0,0-,0-,CAIXA PASS30X22,,,,,,00000000000
337,0,CAIXA SIF.10,UNID,28.00,0.00,0.00,0,0-,0-,CAIXA SIF.10,,,,,,00000000000
339,0,CAIXA SIF.15,UNID,78.00,0.00,0.00,0,0-,0-,CAIXA SIF.15,,,,,,00000000000
2010,0,CAIXA SOBREPOR,UNID,4.00,0.00,0.00,0,0-,0-,CAIXA SOBREPOR,,,,,,00000000000
984,0,CAIXILHO 0.5X20 FF,UNID,24.00,0.00,0.00,-1,0-,0-,CAIX. 0.5X20 FF,,,,,,00000000000
985,0,CAIXILHO 1.0X20 FF,UNID,45.00,0.00,0.00,0,0-,0-,CAIX. 1.0X20 FF,,,,,,00000000000
341,0,CAL DE PINTURA,UNID,25.00,0.00,0.00,0,0-,0-,CAL DE PINTURA,,,,,,00000000000
326,0,CAL DE REBOQUE 20 KG,UNID,30.00,0.00,0.00,-80,0-,0-,CAL DE REBO 20K,,,,,,00000000000
2034,0,CAL P/KILO,UNID,2.50,0.00,0.00,0,0-,0-,CAL P/KILO,,,,,,00000000000
342,0,CAL VIRGEM,UNID,10.00,0.00,0.00,0,0-,0-,CAL VIRGEM,,,,,,00000000000
347,0,CALHA AGUA FURTADA,UNID,45.00,0.00,0.00,0,0-,0-,CALHA AGUA FURT,,,,,,00000000000
343,0,CALHA COLONIAL,UNID,45.00,0.00,0.00,0,0-,0-,CALHA COLONIAL,,,,,,00000000000
344,0,CALHA MOLDURA,UNID,45.00,0.00,0.00,0,0-,0-,CALHA MOLDURA,,,,,,00000000000
345,0,CALHA PLATIBANDA,UNID,45.00,0.00,0.00,0,0-,0-,CALHA PLATIBAND,,,,,,00000000000
348,0,CAMARA DE AR,UNID,30.00,0.00,0.00,0,0-,0-,CAMARA DE AR,,,,,,00000000000
349,0,CAMISA DE LAMPIAO,UNID,3.00,0.00,0.00,0,0-,0-,CAMISA LAMPIAO,,,,,,00000000000
351,0,CAMPAINHA CIGARRA 4X2,UNID,18.00,0.00,0.00,0,0-,0-,CAMP.CIGAR.4X2,,,,,,00000000000
350,0,CAMPAINHA CIGARRA EXT.,UNID,18.00,0.00,0.00,0,0-,0-,CAMPAINHA C.EXT,,,,,,00000000000
352,0,CAMPAINHA DIN DON,UNID,38.00,0.00,0.00,0,0-,0-,CAMP. DIN-DON,,,,,,00000000000
353,0,CAMPAINHA SEM FIO,UNID,153.00,0.00,0.00,0,0-,0-,CAMPAINHA S/FIO,,,,,,00000000000
2267,0,CANALETA,UNID,27.00,0.00,0.00,0,0-,0-,CANALETA,,,,,,00000000000
2091,0,CANALETA X 10X2M C/ADES.,UNID,10.00,0.00,0.00,0,0-,0-,CANAL.10X2M C/A,,,,,,00000000000
355,0,CANALETA X 20X2M C/ADES.,UNID,13.00,0.00,0.00,0,0-,0-,CANAL.20X2M C/A,,,,,,00000000000
356,0,CANALETA X 40X2M C/ADES.,UNID,30.00,0.00,0.00,0,0-,0-,CANAL.40X2M C/A,,,,,,00000000000
357,0,CANETA P/MARCACAO,UNID,5.00,0.00,0.00,0,0-,0-,CANETA P/MARC.,,,,,,00000000000
358,0,CANOPLA 1/2,UNID,6.00,0.00,0.00,0,0-,0-,CANOPLA 1/2,,,,,,00000000000
359,0,CANOPLA 3/4,UNID,6.00,0.00,0.00,0,0-,0-,CANOPLA 3/4,,,,,,00000000000
363,0,CANTONEIRA L 1,UNID,33.00,0.00,0.00,0,0-,0-,CANTONEIRA L 1,,,,,,00000000000
360,0,CANTONEIRA L 1/2,UNID,20.00,0.00,0.00,-2,0-,0-,CANT0NEIRA L1/2,,,,,,00000000000
362,0,CANTONEIRA L 3/4,UNID,25.00,0.00,0.00,0,0-,0-,CANTONEIRA L3/4,,,,,,00000000000
361,0,CANTONEIRA L 5/8,UNID,28.00,0.00,0.00,0,0-,0-,CANTONEIRA L3/4,,,,,,00000000000
386,0,CAP ESG. 100,UNID,13.00,0.00,0.00,0,0-,0-,CAP ESG. 100,,,,,,00000000000
387,0,CAP ESG. 150,UNID,28.00,0.00,0.00,0,0-,0-,CAP ESG. 150,,,,,,00000000000
383,0,CAP ESG. 40,UNID,3.00,0.00,0.00,0,0-,0-,CAP ESG. 40,,,,,,00000000000
384,0,CAP ESG. 50,UNID,6.00,0.00,0.00,0,0-,0-,CAP ESG. 50,,,,,,00000000000
385,0,CAP ESG. 75,UNID,9.00,0.00,0.00,0,0-,0-,CAP ESG. 75,,,,,,00000000000
396,0,CAP LATAO 1,UNID,12.00,0.00,0.00,-3,0-,0-,CAP LATAO 1,,,,,,00000000000
394,0,CAP LATAO 1/2,UNID,5.00,0.00,0.00,0,0-,0-,CAP LATAO 1/2,,,,,,00000000000
398,0,CAP LATAO 11/2,UNID,24.00,0.00,0.00,0,0-,0-,CAP LATAO 11/2,,,,,,00000000000
397,0,CAP LATAO 11/4,UNID,20.00,0.00,0.00,0,0-,0-,CAP LATAO 11/4,,,,,,00000000000
2003,0,CAP LATAO 2,UNID,38.00,0.00,0.00,0,0-,0-,CAP LATAO 2,,,,,,00000000000
395,0,CAP LATAO 3/4,UNID,12.00,0.00,0.00,0,0-,0-,CAP LATAO 3/4,,,,,,00000000000
390,0,CAP MARROM 1,UNID,4.00,0.00,0.00,0,0-,0-,CAP MARROM 1,,,,,,00000000000
388,0,CAP MARROM 1/2,UNID,1.50,0.00,0.00,0,0-,0-,CAP MARROM 1/2,,,,,,00000000000
392,0,CAP MARROM 11/2,UNID,9.00,0.00,0.00,0,0-,0-,CAP MARROM 11/2,,,,,,00000000000
391,0,CAP MARROM 11/4,UNID,6.00,0.00,0.00,0,0-,0-,CAP MARROM 11/4,,,,,,00000000000
393,0,CAP MARROM 2,UNID,16.00,0.00,0.00,0,0-,0-,CAP MARROM 2,,,,,,00000000000
389,0,CAP MARROM 3/4,UNID,2.00,0.00,0.00,0,0-,0-,CAP MARROM 3/4,,,,,,00000000000
401,0,CAP ROSCAVEL 1,UNID,8.00,0.00,0.00,0,0-,0-,CAP ROSC.1,,,,,,00000000000
399,0,CAP ROSCAVEL 1/2,UNID,3.00,0.00,0.00,0,0-,0-,CAP ROSC.1/2,,,,,,00000000000
403,0,CAP ROSCAVEL 11/2,UNID,25.00,0.00,0.00,0,0-,0-,CAP ROSC.11/2,,,,,,00000000000
402,0,CAP ROSCAVEL 11/4,UNID,5.00,0.00,0.00,0,0-,0-,CAP ROSC.11/4,,,,,,00000000000
400,0,CAP ROSCAVEL 3/4,UNID,4.00,0.00,0.00,1,0-,0-,CAP ROSC.3/4,,,,,,00000000000
404,0,CAPA DE CHUVA,UNID,35.00,0.00,0.00,-1,0-,0-,CAPA DE CHUVA,,,,,,00000000000
2134,0,CAPACITOR,UNID,20.00,0.00,0.00,0,0-,0-,CAPACITOR,,,,,,00000000000
410,0,CARRINHO DE MAO,UNID,320.00,0.00,0.00,0,0-,0-,CARRINHO DE MAO,,,,,,00000000000
411,0,CARRINHO P/GELADEIRA-FOGAO,UNID,43.00,0.00,0.00,0,0-,0-,CARR.P/GEL.FOG.,,,,,,00000000000
412,0,CARTUCHO DE GAS 200G,UNID,18.00,0.00,0.00,0,0-,0-,CARTUCHO GAS,,,,,,00000000000
413,0,CARTUCHO DE GAS 400G,UNID,100.00,0.00,0.00,0,0-,0-,CARTUCHO GAS,,,,,,00000000000
414,0,CARVAO DE MAQUINA,UNID,32.00,0.00,0.00,0,0-,0-,CARVAO MAQUINA,,,,,,00000000000
415,0,CASCOLA 200G,UNID,28.00,0.00,0.00,0,0-,0-,CASCOLA 200G,,,,,,00000000000
1480,0,CASCOLA 400GRS,UNID,48.00,0.00,0.00,-6,0-,0-,CASCOLA 400GRS,,,,,,00000000000
416,0,CASCOLA 750G,UNID,65.00,0.00,0.00,0,0-,0-,CASCOLA 750G,,,,,,00000000000
417,0,CASCOLA GALAO,UNID,205.00,0.00,0.00,0,0-,0-,CASCOLA GALAO,,,,,,00000000000
418,0,CASCOLA TUBO,UNID,13.00,0.00,0.00,0,0-,0-,CASCOLA TUBO,,,,,,00000000000
419,0,CASCOREZ 1/2L,UNID,30.00,0.00,0.00,-1,0-,0-,CASCOREZ 1/2L,,,,,,00000000000
420,0,CASCOREZ 1L,UNID,55.00,0.00,0.00,-1,0-,0-,CASCOREZ 1L,,,,,,00000000000
423,0,CATALIZADOR,UNID,5.00,0.00,0.00,0,0-,0-,CATALIZADOR,,,,,,00000000000
424,0,CAVADEIRA 2 CABOS,UNID,60.00,0.00,0.00,0,0-,0-,CAVADEIRA 2CABO,,,,,,00000000000
426,0,CAVADEIRA RETA,UNID,48.00,0.00,0.00,0,0-,0-,CAVADEIRA RETA,,,,,,00000000000
425,0,CAVADEIRA TRADO,UNID,300.00,0.00,0.00,-1,0-,0-,CAVADEIRA TRADO,,,,,,00000000000
428,0,CAVALETE DAGUA,UNID,150.00,0.00,0.00,0,0-,0-,CAVALETE DAGUA,,,,,,00000000000
429,0,CAXIMBO P/GAS,UNID,5.00,0.00,0.00,0,0-,0-,CAXIMBO P/GAS,,,,,,00000000000
430,0,CENTRAL MISTURADOR T,UNID,20.00,0.00,0.00,0,0-,0-,CENTRAL MIST.T,,,,,,00000000000
431,0,CERA POLIDORA PEROLA,UNID,30.00,0.00,0.00,-1,0-,0-,CERA POLIDORA,,,,,,00000000000
434,0,CESTINHA VALVULA 3.1/2,UNID,18.00,0.00,0.00,0,0-,0-,CESTINHA 31/2,,,,,,00000000000
2290,0,CHAPIX QUARTZOLIT 1L,UNID,30.00,0.00,0.00,0,0-,0-,CHAPIX QUART1L,,,,,,00000000000
2322,0,"CHAPIX QUARTZOLIT 3,6L",UNID,80.00,0.00,0.00,0,0-,0-,"CHAPIX QUART3,6",,,,,,00000000000
440,0,CHAVE ALLEN,UNID,8.00,0.00,0.00,0,0-,0-,CHAVE ALLEN,,,,,,00000000000
2251,0,CHAVE CANHAO 07 FOGAO,UNID,28.00,0.00,0.00,0,0-,0-,CHAVE CANHAO 07,,,,,,00000000000
1016,0,CHAVE CANHAO 10,UNID,33.00,0.00,0.00,0,0-,0-,CHAVE CANHAO 10,,,,,,00000000000
159,0,CHAVE CANHAO 11,UNID,38.00,0.00,0.00,0,0-,0-,CHAVE CANHAO 11,,,,,,00000000000
160,0,CHAVE CANHAO 13,UNID,45.00,0.00,0.00,-1,0-,0-,CHAVE CANHAO 13,,,,,,00000000000
441,0,CHAVE CATRACA 1/2,UNID,110.00,0.00,0.00,0,0-,0-,CHAVE CATR.1/2,,,,,,00000000000
473,0,CHAVE COMBINADA 06,UNID,12.00,0.00,0.00,0,0-,0-,CHAVE COMBIN.06,,,,,,00000000000
474,0,CHAVE COMBINADA 07,UNID,11.00,0.00,0.00,0,0-,0-,CHAVE COMBIN.07,,,,,,00000000000
475,0,CHAVE COMBINADA 08,UNID,12.00,0.00,0.00,0,0-,0-,CHAVE COMBIN.08,,,,,,00000000000
476,0,CHAVE COMBINADA 09,UNID,12.00,0.00,0.00,0,0-,0-,CHAVE COMBIN.09,,,,,,00000000000
477,0,CHAVE COMBINADA 10,UNID,12.00,0.00,0.00,0,0-,0-,CHAVE COMBIN.10,,,,,,00000000000
478,0,CHAVE COMBINADA 11,UNID,12.00,0.00,0.00,0,0-,0-,CHAVE COMBIN.11,,,,,,00000000000
479,0,CHAVE COMBINADA 12,UNID,15.00,0.00,0.00,0,0-,0-,CHAVE COMBIN.12,,,,,,00000000000
480,0,CHAVE COMBINADA 13,UNID,18.00,0.00,0.00,0,0-,0-,CHAVE COMBIN.13,,,,,,00000000000
481,0,CHAVE COMBINADA 14,UNID,18.00,0.00,0.00,0,0-,0-,CHAVE COMBIN.14,,,,,,00000000000
482,0,CHAVE COMBINADA 15,UNID,18.00,0.00,0.00,0,0-,0-,CHAVE COMBIN.15,,,,,,00000000000
483,0,CHAVE COMBINADA 16,UNID,15.00,0.00,0.00,0,0-,0-,CHAVE COMBIN.16,,,,,,00000000000
484,0,CHAVE COMBINADA 17,UNID,20.00,0.00,0.00,0,0-,0-,CHAVE COMBIN.17,,,,,,00000000000
485,0,CHAVE COMBINADA 18,UNID,20.00,0.00,0.00,0,0-,0-,CHAVE COMBIN.18,,,,,,00000000000
486,0,CHAVE COMBINADA 19,UNID,23.00,0.00,0.00,0,0-,0-,CHAVE COMBIN.19,,,,,,00000000000
2266,0,CHAVE COMBINADA 20,UNID,25.00,0.00,0.00,0,0-,0-,CHAVE COMBIN.20,,,,,,00000000000
100,0,CHAVE COMBINADA 21,UNID,25.00,0.00,0.00,0,0-,0-,CHAVE COMBIN.21,,,,,,00000000000
2269,0,CHAVE COMBINADA 22,UNID,28.00,0.00,0.00,0,0-,0-,CHAVE COMBIN.22,,,,,,00000000000
2270,0,CHAVE COMBINADA 24,UNID,35.00,0.00,0.00,0,0-,0-,CHAVE COMBIN.24,,,,,,00000000000
448,0,CHAVE DE FENDA 1/4X10,UNID,21.00,0.00,0.00,0,0-,0-,CHAVE F.1/4X10,,,,,,00000000000
449,0,CHAVE DE FENDA 1/4X6,UNID,13.00,0.00,0.00,0,0-,0-,CHAVE F.1/4X6,,,,,,00000000000
450,0,CHAVE DE FENDA 1/4X8,UNID,16.00,0.00,0.00,0,0-,0-,CHAVE F.1/4X8,,,,,,00000000000
444,0,CHAVE DE FENDA 1/8X4,UNID,10.00,0.00,0.00,0,0-,0-,CHAVE F.1/8X4,,,,,,00000000000
442,0,CHAVE DE FENDA 1/8X5,UNID,14.00,0.00,0.00,0,0-,0-,CHAVE F.1/8X5,,,,,,00000000000
443,0,CHAVE DE FENDA 1/8X6,UNID,10.00,0.00,0.00,0,0-,0-,CHAVE F.1/8X6,,,,,,00000000000
445,0,CHAVE DE FENDA 3/16X4,UNID,10.00,0.00,0.00,0,0-,0-,CHAVE F.3/16X4,,,,,,00000000000
446,0,CHAVE DE FENDA 3/16X6,UNID,12.00,0.00,0.00,-1,0-,0-,CHAVE F.3/16X6,,,,,,00000000000
447,0,CHAVE DE FENDA 3/16X8,UNID,13.00,0.00,0.00,-1,0-,0-,CHAVE F.3/16X8,,,,,,00000000000
455,0,CHAVE DE FENDA 3/8X8,UNID,28.00,0.00,0.00,0,0-,0-,CHAVE F.3/8X8,,,,,,00000000000
452,0,CHAVE DE FENDA 5/16X6,UNID,22.00,0.00,0.00,0,0-,0-,CHAVE F.5/16X6,,,,,,00000000000
453,0,CHAVE DE FENDA 5/16X8,UNID,22.00,0.00,0.00,0,0-,0-,CHAVE F.5/16X8,,,,,,00000000000
489,0,CHAVE DE LAVATORIO,UNID,72.00,0.00,0.00,0,0-,0-,CHAVE LAVATORIO,,,,,,00000000000
467,0,CHAVE DE MANDRIL S2A,UNID,10.00,0.00,0.00,0,0-,0-,CHAVE MANDRIL,,,,,,00000000000
2208,0,CHAVE ESTRELA C/CATRACA 10X11,UNID,24.00,0.00,0.00,0,0-,0-,CHAVE EST.C/CAT,,,,,,00000000000
2209,0,CHAVE ESTRELA C/CATRACA 12X13,UNID,28.00,0.00,0.00,0,0-,0-,CHAVE EST.C/CAT,,,,,,00000000000
1015,0,CHAVE FENDA/PHILIPS,UNID,15.00,0.00,0.00,0,0-,0-,CHAVE FEN/PHIL.,,,,,,00000000000
491,0,CHAVE GRIFO 10,UNID,40.00,0.00,0.00,0,0-,0-,CHAVE GRIFO 10,,,,,,00000000000
492,0,CHAVE GRIFO 12,UNID,55.00,0.00,0.00,0,0-,0-,CHAVE GRIFO 12,,,,,,00000000000
493,0,CHAVE GRIFO 14,UNID,70.00,0.00,0.00,0,0-,0-,CHAVE GRIFO 14,,,,,,00000000000
494,0,CHAVE GRIFO 18,UNID,90.00,0.00,0.00,0,0-,0-,CHAVE GRIFO 18,,,,,,00000000000
495,0,CHAVE GRIFO 24,UNID,160.00,0.00,0.00,0,0-,0-,CHAVE GRIFO 24,,,,,,00000000000
2289,0,CHAVE HIDRAULICA MULTIUSO,UNID,40.00,0.00,0.00,0,0-,0-,CHAVE HIDR.MULT,,,,,,00000000000
436,0,CHAVE INGLESA 08,UNID,75.00,0.00,0.00,0,0-,0-,CHAVE INGLES.08,,,,,,00000000000
437,0,CHAVE INGLESA 10,UNID,90.00,0.00,0.00,0,0-,0-,CHAVE INGLES.10,,,,,,00000000000
2189,0,CHAVE INGLESA 12,UNID,125.00,0.00,0.00,0,0-,0-,CHAVE INGLESA12,,,,,,00000000000
435,0,CHAVE INGLESA 15,UNID,160.00,0.00,0.00,0,0-,0-,CHAVE INGLES.15,,,,,,00000000000
1063,0,CHAVE L BIELA 09-15,UNID,36.00,0.00,0.00,0,0-,0-,CHAVE L 09-15,,,,,,00000000000
1064,0,CHAVE L BIELA 16-19,UNID,45.00,0.00,0.00,0,0-,0-,CHAVE L 16-19,,,,,,00000000000
2090,0,CHAVE MARGIRUS 301,UNID,30.00,0.00,0.00,0,0-,0-,CHAVE MARGIRUS,,,,,,00000000000
2250,0,CHAVE P/ESMERILHADEIRA,UNID,25.00,0.00,0.00,0,0-,0-,CHAVE P/ESMERIL,,,,,,00000000000
457,0,CHAVE PHILIPS 1/4X10,UNID,23.00,0.00,0.00,-2,0-,0-,CHAVE PH.1/4X10,,,,,,00000000000
460,0,CHAVE PHILIPS 1/4X5,UNID,12.00,0.00,0.00,-1,0-,0-,CHAVE PH.1/4X5,,,,,,00000000000
461,0,CHAVE PHILIPS 1/4X56,UNID,13.00,0.00,0.00,0,0-,0-,CHAVE PH.1/4X56,,,,,,00000000000
456,0,CHAVE PHILIPS 1/8X4-5,UNID,10.00,0.00,0.00,0,0-,0-,CHAVE PH.1/8X45,,,,,,00000000000
458,0,CHAVE PHILIPS 3/16X4,UNID,21.00,0.00,0.00,0,0-,0-,CHAVE PH.3/16X4,,,,,,00000000000
459,0,CHAVE PHILIPS 3/16X5,UNID,10.00,0.00,0.00,-3,0-,0-,CHAVE PH.3/16X5,,,,,,00000000000
464,0,CHAVE PHILIPS 3/8X8,UNID,30.00,0.00,0.00,-1,0-,0-,CHAVE PH.3/8X8,,,,,,00000000000
462,0,CHAVE PHILIPS 5/16X6,KG,21.00,0.00,0.00,0,0-,0-,CHAVE PH.5/16X6,,,,,,00000000000
463,0,CHAVE PHILIPS 5/16X8,UNID,24.00,0.00,0.00,0,0-,0-,CHAVE PH.5/16X8,,,,,,00000000000
1058,0,CHAVE TOCO FENDA/PHILIPS,UNID,20.00,0.00,0.00,0,0-,0-,CHAVE TOCO F/P,,,,,,00000000000
472,0,CHAVE VIRAR FERRO 1/2,UNID,48.00,0.00,0.00,0,0-,0-,CHAVE V.FE.1/2,,,,,,00000000000
469,0,CHAVE VIRAR FERRO 1/4,UNID,30.00,0.00,0.00,0,0-,0-,CHAVE V.FE.1/4,,,,,,00000000000
468,0,CHAVE VIRAR FERRO 3/16,UNID,26.00,0.00,0.00,0,0-,0-,CHAVE V.FE.3/16,,,,,,00000000000
470,0,CHAVE VIRAR FERRO 5/16,UNID,40.00,0.00,0.00,0,0-,0-,CHAVE V.FE.5/16,,,,,,00000000000
471,0,CHAVE VIRAR FERRRO 3/8,UNID,43.00,0.00,0.00,0,0-,0-,CHAVE V.FE.3/8,,,,,,00000000000
497,0,CHIBANCA C/CABO,UNID,120.00,0.00,0.00,0,0-,0-,CHIBANCA C/CABO,,,,,,00000000000
500,0,CHUMBADOR 1/2,UNID,12.00,0.00,0.00,-5,0-,0-,CHUMBADOR 1/2,,,,,,00000000000
498,0,CHUMBADOR 1/4X2,UNID,3.00,0.00,0.00,0,0-,0-,CHUMBADOR 1/4X2,,,,,,00000000000
2228,0,CHUMBADOR 1/4X3,UNID,4.00,0.00,0.00,0,0-,0-,CHUMBADOR 1/4X3,,,,,,00000000000
499,0,CHUMBADOR 3/8,UNID,6.00,0.00,0.00,0,0-,0-,CHUMBADOR 3/8,,,,,,00000000000
1061,0,CHUMBADOR 5/16,UNID,4.00,0.00,0.00,0,0-,0-,CHUMBADOR 5/16,,,,,,00000000000
1663,0,CHUVEIRINHO,UNID,10.00,0.00,0.00,0,0-,0-,CHUVEIRINHO,,,,,,00000000000
1800,0,CHUVEIRO FRIO,UNID,80.00,0.00,0.00,0,0-,0-,CHUVEIRO FRIO,,,,,,00000000000
1989,0,CHUVEIRO TRADICAO,UNID,330.00,0.00,0.00,0,0-,0-,CHUVEIRO TRADIC,,,,,,00000000000
503,0,CILINDRO FECHADURA GDE.,UNID,25.00,0.00,0.00,0,0-,0-,CILINDRO FECH.G,,,,,,00000000000
502,0,CILINDRO FECHADURA PEQ.,UNID,15.00,0.00,0.00,0,0-,0-,CILINDRO FECH.P,,,,,,00000000000
1977,0,CIMENTO 25K,UNID,20.00,0.00,0.00,0,0-,0-,CIMENTO 25K,,,,,,00000000000
2187,0,CIMENTO BRANCO,UNID,180.00,0.00,0.00,0,0-,0-,CIMENTO BRANCO,,,,,,00000000000
335,0,CIMENTO POR KG,KILO,1.50,0.00,0.00,-341,0-,0-,CIMENTO POR KG,,,,,,00000000000
333,0,CIMENTO SACO DE 50 KG,KILO,47.00,0.00,0.00,-296,0-,0-,CIMENTO SAC 50K,,,,,,00000000000
505,0,CLIP CABO ACO 1/4,UNID,6.00,0.00,0.00,0,0-,0-,CLIP C.ACO 1/4,,,,,,00000000000
506,0,CLIP CABO ACO 1/8,UNID,4.00,0.00,0.00,0,0-,0-,CLIP C.ACO 1/8,,,,,,00000000000
507,0,CLIP CABO ACO 3/16,UNID,5.00,0.00,0.00,0,0-,0-,CLIP C.ACO 3/16,,,,,,00000000000
508,0,CLIP CABO ACO 3/8,UNID,10.00,0.00,0.00,0,0-,0-,CLIP C.ACO 3/8,,,,,,00000000000
509,0,CLIP CABO ACO 5/16,UNID,6.00,0.00,0.00,0,0-,0-,CLIP C.ACO 5/16,,,,,,00000000000
2284,0,CLORO 2 LITROS,UNID,20.00,0.00,0.00,0,0-,0-,CLORO 2 LITROS,,,,,,00000000000
510,0,CLORO GALAO,UNID,45.00,0.00,0.00,0,0-,0-,CLORO GALAO,,,,,,00000000000
511,0,CLORO LITRO,UNID,12.00,0.00,0.00,0,0-,0-,CLORO LITRO,,,,,,00000000000
43,0,COLA ARALDITE 05MIN.,UNID,50.00,0.00,0.00,0,0-,0-,COLA ARALD.05 M,,,,,,00000000000
44,0,COLA ARALDITE 10MIN.,UNID,35.00,0.00,0.00,0,0-,0-,COLA ARALD.10 M,,,,,,00000000000
45,0,COLA ARALDITE 90MIN.,UNID,35.00,0.00,0.00,0,0-,0-,COLA ARALD.90 M,,,,,,00000000000
75,0,COLA INSTANTANEA 100GR,UNID,55.00,0.00,0.00,-10,0-,0-,COLA INSTANT100,,,,,,00000000000
1879,0,COLA INSTANTANEA 20GR,UNID,15.00,0.00,0.00,0,0-,0-,COLA INSTANT.20,,,,,,00000000000
2178,0,COLA INSTANTANEA 50GR,UNID,18.00,0.00,0.00,0,0-,0-,COLA INSTANT.50,,,,,,00000000000
515,0,COLA MADEIRA 100G,UNID,13.00,0.00,0.00,-1,0-,0-,COLA MAD.100G,,,,,,00000000000
516,0,COLA MADEIRA 250G,UNID,28.00,0.00,0.00,0,0-,0-,COLA MAD.250G,,,,,,00000000000
2205,0,"COLA P/AZULEJO 1,5K",UNID,45.00,0.00,0.00,0,0-,0-,COLA P/AZULEJO,,,,,,00000000000
2067,0,COLA P/AZULEJO 700G,UNID,28.00,0.00,0.00,0,0-,0-,COLA P/AZULEJO,,,,,,00000000000
512,0,COLA S.BONDER 3G,UNID,10.00,0.00,0.00,-11,0-,0-,COLA S.BONDER3G,,,,,,00000000000
895,0,COLA S.BONDER 5G,UNID,12.00,0.00,0.00,0,0-,0-,COLA S.BONDER 5,,,,,,00000000000
2169,0,COLA TUDO,UNID,28.00,0.00,0.00,0,0-,0-,COLA TUDO,,,,,,00000000000
517,0,COLA TUDO EPOXI,UNID,15.00,0.00,0.00,0,0-,0-,COLA TUDO EPOXI,,,,,,00000000000
520,0,COLHER PEDREIRO 06,UNID,30.00,0.00,0.00,-1,0-,0-,COLHER PEDR.06,,,,,,00000000000
521,0,COLHER PEDREIRO 07-08,UNID,35.00,0.00,0.00,0,0-,0-,COLHER PED07-08,,,,,,00000000000
522,0,COLHER PEDREIRO 09,UNID,40.00,0.00,0.00,0,0-,0-,COLHER PEDR.09,,,,,,00000000000
523,0,COLHER PEDREIRO 10,UNID,40.00,0.00,0.00,-7,0-,0-,COLHER PEDR.10,,,,,,00000000000
527,0,COLORGIN ALTA TEMPERATURA,UNID,33.00,0.00,0.00,0,0-,0-,COLORGIN A.TEMP,,,,,,00000000000
524,0,COLORGIN METALIK OURO/PRATA/BRONZE,UNID,40.00,0.00,0.00,-8,0-,0-,COLORGIN METALI,,,,,,00000000000
526,0,COLORGIN SPRAY CORES,UNID,26.00,0.00,0.00,0,0-,0-,COLORGIN CORES,,,,,,00000000000
2056,0,COLORGIN SPRAY PRIMER,UNID,33.00,0.00,0.00,0,0-,0-,COLORGIN PRIMER,,,,,,00000000000
528,0,COMPOND,UNID,90.00,0.00,0.00,-2,0-,0-,COMPOND,,,,,,00000000000
533,0,CONDUITE ESPIR.1 MT,METRO,8.00,0.00,0.00,0,0-,0-,COND.ESP.1,,,,,,00000000000
531,0,CONDUITE ESPIR.1/2 MT,METRO,4.00,0.00,0.00,0,0-,0-,COND.ESP.1/2,,,,,,00000000000
534,0,CONDUITE ESPIR.11/2 MT,METRO,15.00,0.00,0.00,0,0-,0-,COND.ESP.11/2,,,,,,00000000000
2257,0,CONDUITE ESPIR.11/4 MT,UNID,10.00,0.00,0.00,0,0-,0-,COND.ESPIR 11/4,,,,,,00000000000
2349,0,CONDUITE ESPIR.2,UNID,18.00,0.00,0.00,0,0-,0-,CONDUITE ESPIR2,,,,,,00000000000
532,0,CONDUITE ESPIR.3/4 MT,METRO,5.00,0.00,0.00,0,0-,0-,COND.ESP.3/4,,,,,,00000000000
542,0,CONDUITE FLEX.1 MT,UNID,5.00,0.00,0.00,0,0-,0-,COND.FLEX.1 M,,,,,,00000000000
541,0,CONDUITE FLEX.1 ROLO,ROLO,90.00,0.00,0.00,0,0-,0-,COND.FLEX.1 R,,,,,,00000000000
535,0,CONDUITE FLEX.1/2 MT,METRO,1.50,0.00,0.00,-2,0-,0-,COND.FLEX.1/2 M,,,,,,00000000000
536,0,CONDUITE FLEX.1/2 ROLO,ROLO,90.00,0.00,0.00,0,0-,0-,COND.FLEX.1/2 R,,,,,,00000000000
538,0,CONDUITE FLEX.3/4 MT,METRO,3.00,0.00,0.00,0,0-,0-,COND.FLEX.3/4 M,,,,,,00000000000
537,0,CONDUITE FLEX.3/4 ROLO,ROLO,75.00,0.00,0.00,0,0-,0-,COND.FLEX.3/4 R,,,,,,00000000000
539,0,CONDUITE FLEX.5/8 MT,METRO,3.00,0.00,0.00,0,0-,0-,COND.FLEX.5/8 M,,,,,,00000000000
540,0,CONDUITE FLEX.5/8 ROLO,ROLO,75.00,0.00,0.00,0,0-,0-,COND.FLEX.5/8 R,,,,,,00000000000
2105,0,CONDUITE GALVANIZADO 1,UNID,34.00,0.00,0.00,0,0-,0-,COND.GALVANIZ.1,,,,,,00000000000
549,0,CONDUITE GALVANIZADO 1/2,UNID,28.00,0.00,0.00,0,0-,0-,COND.GALVAN.1/2,,,,,,00000000000
550,0,CONDUITE GALVANIZADO 3/4,UNID,30.00,0.00,0.00,0,0-,0-,COND.GALVAN.3/4,,,,,,00000000000
572,0,CONECTOR BARRA,UNID,8.00,0.00,0.00,0,0-,0-,CONECTOR BARRA,,,,,,00000000000
573,0,CONECTOR BARRA PECA,UNID,1.00,0.00,0.00,0,0-,0-,CONECTOR BARRA,,,,,,00000000000
558,0,CONECTOR DE HASTE,UNID,5.00,0.00,0.00,0,0-,0-,CONECTOR HASTE,,,,,,00000000000
2325,0,CONECTOR EMENDA 3P,UNID,6.00,0.00,0.00,0,0-,0-,CONEC.EMENDA 3P,,,,,,00000000000
561,0,CONECTOR FEMEA 1,UNID,30.00,0.00,0.00,0,0-,0-,CONECTOR F.1,,,,,,00000000000
559,0,CONECTOR FEMEA 1/2,UNID,15.00,0.00,0.00,0,0-,0-,CONECTOR F.1/2,,,,,,00000000000
563,0,CONECTOR FEMEA 11/2,UNID,60.00,0.00,0.00,-1,0-,0-,CONECTOR F.11/2,,,,,,00000000000
562,0,CONECTOR FEMEA 11/4,UNID,48.00,0.00,0.00,0,0-,0-,CONECTOR F.11/4,,,,,,00000000000
564,0,CONECTOR FEMEA 2,UNID,98.00,0.00,0.00,0,0-,0-,CONECTOR F.2,,,,,,00000000000
560,0,CONECTOR FEMEA 3/4,UNID,22.00,0.00,0.00,0,0-,0-,CONECTOR F.3/4,,,,,,00000000000
1050,0,CONECTOR GENERICO,UNID,25.00,0.00,0.00,0,0-,0-,CONECTOR GENER.,,,,,,00000000000
565,0,CONECTOR LOUCA 10,UNID,10.00,0.00,0.00,-1,0-,0-,CONECT.LOUCA 10,,,,,,00000000000
568,0,CONECTOR MACHO 1,UNID,25.00,0.00,0.00,0,0-,0-,CONECTOR M.1,,,,,,00000000000
566,0,CONECTOR MACHO 1/2,UNID,12.00,0.00,0.00,0,0-,0-,CONECTOR M.1/2,,,,,,00000000000
570,0,CONECTOR MACHO 11/2,UNID,50.00,0.00,0.00,-2,0-,0-,CONECTOR M.11/2,,,,,,00000000000
569,0,CONECTOR MACHO 11/4,UNID,45.00,0.00,0.00,0,0-,0-,CONECTOR M.11/4,,,,,,00000000000
571,0,CONECTOR MACHO 2,UNID,50.00,0.00,0.00,0,0-,0-,CONECTOR M 2,,,,,,00000000000
567,0,CONECTOR MACHO 3/4,UNID,16.00,0.00,0.00,0,0-,0-,CONECTOR M.3/4,,,,,,00000000000
574,0,CONECTOR RJ11,UNID,3.00,0.00,0.00,0,0-,0-,CONECTOR RJ11,,,,,,00000000000
575,0,CONECTOR RJ45,UNID,2.00,0.00,0.00,0,0-,0-,CONECTOR RJ45,,,,,,00000000000
1913,0,CONECTOR SPLITBOLT 06,UNID,6.00,0.00,0.00,0,0-,0-,CONEC.SPLITB 06,,,,,,00000000000
1914,0,CONECTOR SPLITBOLT 10,UNID,8.00,0.00,0.00,0,0-,0-,CONEC.SPLITB 10,,,,,,00000000000
1915,0,CONECTOR SPLITBOLT 16,UNID,12.00,0.00,0.00,0,0-,0-,CONEC.SPLITB 16,,,,,,00000000000
1916,0,CONECTOR SPLITBOLT 25,UNID,15.00,0.00,0.00,0,0-,0-,CONEC.SPLITB 25,,,,,,00000000000
1917,0,CONECTOR SPLITBOLT 35,UNID,18.00,0.00,0.00,0,0-,0-,CONEC.SPLITB 35,,,,,,00000000000
1918,0,CONECTOR SPLITBOLT 50,UNID,25.00,0.00,0.00,0,0-,0-,CONEC.SPLITB 50,,,,,,00000000000
1919,0,CONECTOR SPLITBOLT 70,UNID,35.00,0.00,0.00,0,0-,0-,CONEC.SPLITB 70,,,,,,00000000000
577,0,CONECTOR TV PRESSAO,UNID,6.00,0.00,0.00,-102,0-,0-,CONECTOR TV PRE,,,,,,00000000000
576,0,CONECTOR TV ROSCA,UNID,2.00,0.00,0.00,-100,0-,0-,CONECTOR TV ROS,,,,,,00000000000
2335,0,CONECTOR UBC 3P,UNID,12.00,0.00,0.00,0,0-,0-,CONECTOR UBC 3P,,,,,,00000000000
578,0,CONEXOES P/SISTEMA X,UNID,2.00,0.00,0.00,-8,0-,0-,CONEXOES X,,,,,,00000000000
421,0,CONJ.ACIONAM.LATERAL(KA),UNID,45.00,0.00,0.00,0,0-,0-,CONJ.AC.LAT-KA,CAIXA ACOPLADA,,,,,00000000000
579,0,CONJUNTO P/JARDIM,UNID,45.00,0.00,0.00,-20,0-,0-,CONJUNTO JARDIM,,,,,,00000000000
580,0,CONTROLE DE PORTAO 292,UNID,28.00,0.00,0.00,0,0-,0-,CONTROLE 292,,,,,,00000000000
581,0,CONTROLE DE PORTAO 433,UNID,25.00,0.00,0.00,0,0-,0-,CONTROLE 433,,,,,,00000000000
582,0,CONTROLE P/VENTILADOR,UNID,35.00,0.00,0.00,0,0-,0-,CONTROLE VENTIL,,,,,,00000000000
2183,0,CONTROLE VENTILADOR SOBREPOR,UNID,28.00,0.00,0.00,0,0-,0-,CONTR.VENT.SOBR,,,,,,00000000000
2186,0,CONVERSOR DIGITAL,UNID,100.00,0.00,0.00,0,0-,0-,CONVERSOR DIGIT,,,,,,00000000000
715,0,CONVERTEDOR FERRUGEM 250ML,UNID,20.00,0.00,0.00,0,0-,0-,CONV.FERR.250ML,,,,,,00000000000
860,0,CONVERTEDOR FERRUGEM 500ML,UNID,30.00,0.00,0.00,0,0-,0-,CONV.FERR.250ML,,,,,,00000000000
583,0,CORANTE LATEX,UNID,7.00,0.00,0.00,-17,0-,0-,CORANTE LATEX,,,,,,00000000000
584,0,CORANTE XADREX,UNID,21.00,0.00,0.00,0,0-,0-,CORANTE XADREX,,,,,,00000000000
120,0,CORDA POLIPROP. 3.5 MT,METRO,1.00,0.00,0.00,0,0-,0-,CORDA POLI.3.5M,,,,,,00000000000
122,0,CORDA POLIPROP. 8MM MT,METRO,3.00,0.00,0.00,0,0-,0-,CORDA POLIP.8MM,,,,,,00000000000
2167,0,CORDA SISAL 1/2,UNID,4.50,0.00,0.00,0,0-,0-,CORDA SISAL 1/2,,,,,,00000000000
2165,0,CORDA SISAL 1/4,UNID,38.00,0.00,0.00,0,0-,0-,CORDA SISAL 1/4,,,,,,00000000000
2166,0,CORDA SISAL 5/8,UNID,3.00,0.00,0.00,0,0-,0-,CORDA SISAL 5/8,,,,,,00000000000
588,0,CORDAO DE RODAPE,METRO,3.00,0.00,0.00,-25,0-,0-,CORDAO RODAPE,,,,,,00000000000
592,0,CORRENTE CAIXA ACOPL.KA/CRF,UNID,8.00,0.00,0.00,0,0-,0-,COR.CX.A.KA/CRF,CAIXA ACOPLADA,,,,,00000000000
1065,0,CORRENTE P/CALHA-LUSTRE,UNID,3.00,0.00,0.00,0,0-,0-,CORR.CALHA-LUST,,,,,,00000000000
589,0,CORRENTE PORTAO 60,UNID,18.00,0.00,0.00,0,0-,0-,CORRENTE 60,,,,,,00000000000
590,0,CORRENTE SOLDADA 3MM,METRO,20.00,0.00,0.00,0,0-,0-,CORRENTE SOLD.3,,,,,,00000000000
591,0,CORRENTE SOLDADA 5MM,METRO,23.00,0.00,0.00,0,0-,0-,CORRENTE SOLD.5,,,,,,00000000000
596,0,CORTADOR DE VIDRO,UNID,36.00,0.00,0.00,-9,0-,0-,CORTADOR VIDRO,,,,,,00000000000
593,0,CORTADOR FORMICA,UNID,30.00,0.00,0.00,-2,0-,0-,CORTADOR FORMIC,,,,,,00000000000
594,0,CORTADOR PISO 50,UNID,220.00,0.00,0.00,0,0-,0-,CORTADOR 50,,,,,,00000000000
595,0,CORTADOR PISO 90,UNID,480.00,0.00,0.00,0,0-,0-,CORTADOR 90,,,,,,00000000000
606,0,COTOVELO AZUL 1/2,UNID,10.00,0.00,0.00,0,0-,0-,COTOV.AZUL 1/2,,,,,,00000000000
604,0,COTOVELO AZUL 3/4,UNID,10.00,0.00,0.00,0,0-,0-,COTOV.AZUL 3/4,,,,,,00000000000
605,0,COTOVELO AZUL 3/4X1/2,UNID,10.00,0.00,0.00,0,0-,0-,COT.AZUL3/4X1/2,,,,,,00000000000
615,0,COTOVELO C/VISITA 100X50,UNID,36.00,0.00,0.00,0,0-,0-,COTOV.C/VIS.4X2,,,,,,00000000000
616,0,COTOVELO C/VISITA 75X50,UNID,10.00,0.00,0.00,0,0-,0-,COTOV.C/VIS.3X2,,,,,,00000000000
614,0,COTOVELO ESG.11/2 C/ANEL BCO/AZUL,UNID,10.00,0.00,0.00,0,0-,0-,COT.ESG.11/2C/A,,,,,,00000000000
618,0,COTOVELO ESG.11/2X45,UNID,3.00,0.00,0.00,0,0-,0-,COT.ESG.11/2X45,,,,,,00000000000
617,0,COTOVELO ESG.11/2X90,UNID,3.00,0.00,0.00,0,0-,0-,COT.ESG.11/2X90,,,,,,00000000000
620,0,COTOVELO ESG.2X45,UNID,4.50,0.00,0.00,0,0-,0-,COT.ESG.2X45,,,,,,00000000000
619,0,COTOVELO ESG.2X90,UNID,4.00,0.00,0.00,0,0-,0-,COT.ESG.2X90,,,,,,00000000000
622,0,COTOVELO ESG.3X45,UNID,11.00,0.00,0.00,0,0-,0-,COT.ESG.3X45,,,,,,00000000000
621,0,COTOVELO ESG.3X90,UNID,9.00,0.00,0.00,0,0-,0-,COT.ESG.3X90,,,,,,00000000000
624,0,COTOVELO ESG.4X45,UNID,9.00,0.00,0.00,0,0-,0-,COT.ESG.4X45,,,,,,00000000000
623,0,COTOVELO ESG.4X90,UNID,9.00,0.00,0.00,0,0-,0-,COT.ESG.4X90,,,,,,00000000000
626,0,COTOVELO ESG.6X45,UNID,48.00,0.00,0.00,0,0-,0-,COT.ESG.6X45,,,,,,00000000000
625,0,COTOVELO ESG.6X90,UNID,51.00,0.00,0.00,0,0-,0-,COT.ESG.6X90,,,,,,00000000000
628,0,COTOVELO LL 1/2X45,UNID,8.00,0.00,0.00,0,0-,0-,COT.LL.1/2X45,,,,,,00000000000
627,0,COTOVELO LL 1/2X90,UNID,10.00,0.00,0.00,0,0-,0-,COT.LL.1/2X90,,,,,,00000000000
636,0,COTOVELO LL 11/2X45,UNID,48.00,0.00,0.00,0,0-,0-,COT.LL11/2X45,,,,,,00000000000
635,0,COTOVELO LL 11/2X90,UNID,60.00,0.00,0.00,0,0-,0-,COT.LL.11/2X90,,,,,,00000000000
634,0,COTOVELO LL 11/4X45,UNID,45.00,0.00,0.00,0,0-,0-,COT.LL.11/4X45,,,,,,00000000000
2087,0,COTOVELO LL 11/4X90,UNID,45.00,0.00,0.00,0,0-,0-,COT.LL.11/4X90,,,,,,00000000000
962,0,COTOVELO LL 1X45,UNID,24.00,0.00,0.00,0,0-,0-,COT.LL 1X45,,,,,,00000000000
631,0,COTOVELO LL 1X90,UNID,28.00,0.00,0.00,0,0-,0-,COT.LL.1X90,,,,,,00000000000
638,0,COTOVELO LL 2X45,UNID,70.00,0.00,0.00,0,0-,0-,COT.LL.2X45,,,,,,00000000000
637,0,COTOVELO LL 2X90,UNID,98.00,0.00,0.00,0,0-,0-,COT.LL.2X90,,,,,,00000000000
630,0,COTOVELO LL 3/4X45,UNID,20.00,0.00,0.00,0,0-,0-,COT.LL.3/4X45,,,,,,00000000000
629,0,COTOVELO LL 3/4X90,UNID,21.00,0.00,0.00,0,0-,0-,COT.LL.3/4X90,,,,,,00000000000
655,0,COTOVELO LR 1,UNID,21.00,0.00,0.00,0,0-,0-,COTOVELO LR 1,,,,,,00000000000
653,0,COTOVELO LR 1/2,UNID,20.00,0.00,0.00,-4,0-,0-,COTOVELO LR 1/2,,,,,,00000000000
654,0,COTOVELO LR 3/4,UNID,25.00,0.00,0.00,0,0-,0-,COTOVELO LR 3/4,,,,,,00000000000
652,0,COTOVELO LR C/RED.1X3/4,UNID,20.00,0.00,0.00,0,0-,0-,C.LR.C/R.1X3/4,,,,,,00000000000
651,0,COTOVELO LR C/RED.3/4X1/2,UNID,30.00,0.00,0.00,0,0-,0-,C.LR.C/R3/4X1/2,,,,,,00000000000
640,0,COTOVELO MARROM 1/2X45,UNID,2.00,0.00,0.00,0,0-,0-,COT.MAR.1/2X45,,,,,,00000000000
639,0,COTOVELO MARROM 1/2X90,UNID,1.00,0.00,0.00,0,0-,0-,COT.MAR.1/2X90,,,,,,00000000000
648,0,COTOVELO MARROM 11/2X45,UNID,11.00,0.00,0.00,-1,0-,0-,COT.MAR.11/2X45,,,,,,00000000000
647,0,COTOVELO MARROM 11/2X90,UNID,7.00,0.00,0.00,0,0-,0-,COT.MAR.11/2X90,,,,,,00000000000
646,0,COTOVELO MARROM 11/4X45,UNID,9.00,0.00,0.00,-10,0-,0-,COT.MAR.11/4X45,,,,,,00000000000
645,0,COTOVELO MARROM 11/4X90,UNID,8.00,0.00,0.00,0,0-,0-,COT.MAR.11/4X90,,,,,,00000000000
644,0,COTOVELO MARROM 1X45,UNID,6.00,0.00,0.00,0,0-,0-,COT.MAR.1X45,,,,,,00000000000
643,0,COTOVELO MARROM 1X90,UNID,3.00,0.00,0.00,-1,0-,0-,COT.MAR.1X90,,,,,,00000000000
650,0,COTOVELO MARROM 2X45,UNID,45.00,0.00,0.00,0,0-,0-,COT.MAR.2X45,,,,,,00000000000
649,0,COTOVELO MARROM 2X90,UNID,36.00,0.00,0.00,0,0-,0-,COT.MAR.2X90,,,,,,00000000000
642,0,COTOVELO MARROM 3/4X45,UNID,2.50,0.00,0.00,2,0-,0-,COT.MAR.3/4X45,,,,,,00000000000
641,0,COTOVELO MARROM 3/4X90,UNID,1.50,0.00,0.00,0,0-,0-,COT.MAR.3/4X90,,,,,,00000000000
601,0,COTOVELO RR CROM.1/2X45,UNID,20.00,0.00,0.00,-3,0-,0-,COT.RR.CR1/2X45,,,,,,00000000000
600,0,COTOVELO RR CROM.1/2X90,UNID,20.00,0.00,0.00,0,0-,0-,COT.RR.CR1/2X90,,,,,,00000000000
602,0,COTOVELO RR CROM.3/4X45,UNID,24.00,0.00,0.00,0,0-,0-,COT.RR.CR3/4X45,,,,,,00000000000
603,0,COTOVELO RR CROM.3/4X90,UNID,24.00,0.00,0.00,0,0-,0-,COT.RR.CR3/4X90,,,,,,00000000000
599,0,COTOVELO RR LATAO 1,METRO,10.00,0.00,0.00,-6,0-,0-,COTOV.RR.L.1,,,,,,00000000000
597,0,COTOVELO RR LATAO 1/2,UNID,18.00,0.00,0.00,0,0-,0-,COTOV.RR.L.1/2,,,,,,00000000000
598,0,COTOVELO RR LATAO 3/4,UNID,18.00,0.00,0.00,-10,0-,0-,COTOV.RR.L.3/4,,,,,,00000000000
900,0,COTOVELO RR PLAST.1/2,UNID,2.00,0.00,0.00,-17,0-,0-,COT.RR PLS.1/2,,,,,,00000000000
901,0,COTOVELO RR PLAST.3/4,UNID,3.00,0.00,0.00,0,0-,0-,COT.RR.PLS.3/4,,,,,,00000000000
609,0,COTOVELO RR.PLAST.1,UNID,5.00,0.00,0.00,0,0-,0-,COT.RR.PLS.1,,,,,,00000000000
611,0,COTOVELO RR.PLAST.11/2,UNID,7.00,0.00,0.00,0,0-,0-,COT.RR.PLS.11/2,,,,,,00000000000
610,0,COTOVELO RR.PLAST.11/4,UNID,6.00,0.00,0.00,-5,0-,0-,COT.RR.PLS.11/4,,,,,,00000000000
612,0,COTOVELO RR.PLAST.2,UNID,28.00,0.00,0.00,-2,0-,0-,COT.RR.PLS.2,,,,,,00000000000
656,0,CREMONA,UNID,30.00,0.00,0.00,0,0-,0-,CREMONA,,,,,,00000000000
657,0,CREOLINA L.,UNID,18.00,0.00,0.00,-1,0-,0-,CREOLINA L.,,,,,,00000000000
1740,0,CUMIEIRA FRANCESA,UNID,6.00,0.00,0.00,-1,0-,0-,CUMIEIRA FRANCE,,,,,,00000000000
1106,0,CUNHA P/NIVELAR PISO,UNID,36.00,0.00,0.00,0,0-,0-,CUNHA P/NIV.PIS,,,,,,00000000000
659,0,CURVA ELETRODUTO 1/2X180,UNID,1.00,0.00,0.00,-2,0-,0-,C.ELET.1/2X180,,,,,,00000000000
658,0,CURVA ELETRODUTO 1/2X90,UNID,2.00,0.00,0.00,0,0-,0-,C.ELET.1/2X90,,,,,,00000000000
664,0,CURVA ELETRODUTO 11/2X180,UNID,5.00,0.00,0.00,0,0-,0-,C.ELET.11/2X180,,,,,,00000000000
665,0,CURVA ELETRODUTO 11/2X90,UNID,3.00,0.00,0.00,0,0-,0-,C.ELET.11/2X90,,,,,,00000000000
663,0,CURVA ELETRODUTO 1X180,UNID,2.50,0.00,0.00,0,0-,0-,C.ELET.1X180,,,,,,00000000000
662,0,CURVA ELETRODUTO 1X90,UNID,6.00,0.00,0.00,-1,0-,0-,C.ELET.1X90,,,,,,00000000000
660,0,CURVA ELETRODUTO 3/4X180,UNID,2.00,0.00,0.00,-1,0-,0-,C.ELET.3/4X180,,,,,,00000000000
661,0,CURVA ELETRODUTO 3/4X90,UNID,4.00,0.00,0.00,0,0-,0-,C.ELET.3/4X90,,,,,,00000000000
673,0,CURVA ESG.11/2,UNID,3.00,0.00,0.00,0,0-,0-,CURVA ESG.11/2,,,,,,00000000000
674,0,CURVA ESG.2,UNID,6.00,0.00,0.00,-1,0-,0-,CURVA ESG.2,,,,,,00000000000
1076,0,CURVA ESGOTO 150,UNID,240.00,0.00,0.00,0,0-,0-,CURVA ESGOTO150,,,,,,00000000000
670,0,CURVA MARROM 1/2,UNID,2.00,0.00,0.00,0,0-,0-,CURVA MAR.1/2,,,,,,00000000000
672,0,CURVA MARROM 11/2,UNID,18.00,0.00,0.00,0,0-,0-,CURVA MAR.11/2,,,,,,00000000000
671,0,CURVA MARROM 3/4,UNID,6.00,0.00,0.00,0,0-,0-,CURVA MAR.3/4,,,,,,00000000000
668,0,CURVA TRANSPOSICAO L.1/2,UNID,48.00,0.00,0.00,0,0-,0-,C.TRANSP.L.1/2,,,,,,00000000000
669,0,CURVA TRANSPOSICAO L.3/4,UNID,90.00,0.00,0.00,0,0-,0-,C.TRANSP.L.3/4,,,,,,00000000000
666,0,CURVA TRANSPOSICAO M.1/2,UNID,5.00,0.00,0.00,0,0-,0-,C.TRANSP.M.1/2,,,,,,00000000000
667,0,CURVA TRANSPOSICAO M.3/4,UNID,10.00,0.00,0.00,0,0-,0-,C.TRANSP.M.3/4,,,,,,00000000000
675,0,DESEMPENADEIRA ACO DENTADA,UNID,28.00,0.00,0.00,0,0-,0-,DESEMP.ACO DENT,,,,,,00000000000
2306,0,DESEMPENADEIRA ACO DENTADA 12X48,UNID,40.00,0.00,0.00,0,0-,0-,DES.ACO D.12X48,,,,,,00000000000
2369,0,DESEMPENADEIRA ACO DENTADA GALO,UNID,58.00,0.00,0.00,0,0-,0-,DESEMP.ACO.D.GA,,,,,,00000000000
1117,0,DESEMPENADEIRA ACO LISA,UNID,28.00,0.00,0.00,0,0-,0-,DESEMP.ACO LISA,,,,,,00000000000
438,0,DESEMPENADEIRA ACO LISA 12X48,UNID,40.00,0.00,0.00,0,0-,0-,DES.ACO L.12X48,,,,,,00000000000
2370,0,DESEMPENADEIRA ACO LISA GALO,UNID,58.00,0.00,0.00,0,0-,0-,DESEMP.ACO.L.GA,,,,,,00000000000
1118,0,DESEMPENADEIRA C/BORRACHA,UNID,35.00,0.00,0.00,0,0-,0-,DESEMP.C/BORRAC,,,,,,00000000000
679,0,DESEMPENADEIRA PVC CORRUGADA,UNID,15.00,0.00,0.00,0,0-,0-,DESEMP.PVC CORR,,,,,,00000000000
2371,0,DESEMPENADEIRA PVC CORRUGADA GALO,UNID,30.00,0.00,0.00,0,0-,0-,DESEMP.PVC C.GA,,,,,,00000000000
1119,0,DESEMPENADEIRA PVC LISA,UNID,28.00,0.00,0.00,0,0-,0-,DESEMP.PVC LISA,,,,,,00000000000
2011,0,DESEMPENADEIRA PVC LISA 8X16,UNID,12.00,0.00,0.00,0,0-,0-,DESEMP.PVC 8X16,,,,,,00000000000
2372,0,DESEMPENADEIRA PVC LISA GALO,UNID,30.00,0.00,0.00,0,0-,0-,DESEMP.PVC L.GA,,,,,,00000000000
685,0,DESENTUPIDOR BACIA,UNID,23.00,0.00,0.00,-1,0-,0-,DESENT.BACIA,,,,,,00000000000
2143,0,DESENTUPIDOR DE PIA,UNID,5.00,0.00,0.00,0,0-,0-,DESENTUP.DE PIA,,,,,,00000000000
683,0,DESENTUPIDOR TUFAO 10M,UNID,125.00,0.00,0.00,0,0-,0-,DESENT.TUF.10M,,,,,,00000000000
684,0,DESENTUPIDOR TUFAO 15M,UNID,180.00,0.00,0.00,0,0-,0-,DESENT.TUF.15M,,,,,,00000000000
682,0,DESENTUPIDOR TUFAO 5M,UNID,50.00,0.00,0.00,0,0-,0-,DESENT.TUF.5M,,,,,,00000000000
686,0,DIMER,UNID,36.00,0.00,0.00,0,0-,0-,DIMER,,,,,,00000000000
1585,0,DIMER ABAJUR DESLIZANTE,UNID,30.00,0.00,0.00,0,0-,0-,DIMER DESLIZANT,,,,,,00000000000
695,0,DISCO BORRACHA 4.5,UNID,12.00,0.00,0.00,0,0-,0-,DISCO BORR.4.5,,,,,,00000000000
696,0,DISCO BORRACHA 7,UNID,20.00,0.00,0.00,0,0-,0-,DISCO BORR.7,,,,,,00000000000
689,0,DISCO CORTE ACO 4.5X20,UNID,6.00,0.00,0.00,-1,0-,0-,DISCO C.ACO 4.5,,,,,,00000000000
690,0,DISCO CORTE ACO 4.5X7/8,UNID,6.00,0.00,0.00,0,0-,0-,DISCO C.ACO 4.5,,,,,,00000000000
692,0,DISCO CORTE ACO 7X7/8,UNID,12.00,0.00,0.00,-2,0-,0-,DISCO C.ACO 7,,,,,,00000000000
687,0,DISCO CORTE FERRO 4.5X20,UNID,6.00,0.00,0.00,0,0-,0-,DISCO C.FER.4.5,,,,,,00000000000
688,0,DISCO CORTE FERRO 4.5X7/8,UNID,6.00,0.00,0.00,-6,0-,0-,DISCO C.FER.4.5,,,,,,00000000000
691,0,DISCO CORTE FERRO 7X7/8,UNID,10.00,0.00,0.00,0,0-,0-,DISCO C.FERRO 7,,,,,,00000000000
694,0,DISCO DESBASTE 4.5X7/8,UNID,10.00,0.00,0.00,0,0-,0-,DISCO DESB.4.5,,,,,,00000000000
693,0,DISCO DESBASTE 7X7/8,UNID,18.00,0.00,0.00,-9,0-,0-,DISCO DESB.7,,,,,,00000000000
2019,0,DISCO DIAM.PORCELANATO,UNID,60.00,0.00,0.00,0,0-,0-,DISCO DIAM.PORC,,,,,,00000000000
701,0,DISCO DIAMANTADO DESBASTE,UNID,120.00,0.00,0.00,0,0-,0-,DISCO DIAM.DESB,,,,,,00000000000
698,0,DISCO DIAMANTADO LISO,UNID,30.00,0.00,0.00,0,0-,0-,DISCO DIAM.LISO,,,,,,00000000000
699,0,DISCO DIAMANTADO SEGMENTADO,UNID,30.00,0.00,0.00,0,0-,0-,DISCO DIAM.SEG.,,,,,,00000000000
697,0,DISCO DIAMANTADO TURBO,UNID,30.00,0.00,0.00,0,0-,0-,DISCO DIAM.TURB,,,,,,00000000000
2089,0,DISCO FLAP 4.1/2,UNID,12.00,0.00,0.00,0,0-,0-,DISCO FLAP 41/2,,,,,,00000000000
702,0,DISCO FLAP 7,UNID,30.00,0.00,0.00,0,0-,0-,DISCO FLAP 7,,,,,,00000000000
703,0,DISCO LIXA 4.5,UNID,6.00,0.00,0.00,0,0-,0-,DISCO LIXA 4.5,,,,,,00000000000
704,0,DISCO LIXA 7,UNID,8.00,0.00,0.00,0,0-,0-,DISCO LIXA 7,,,,,,00000000000
2104,0,DISCO LIXA C/VELCRO,UNID,38.00,0.00,0.00,0,0-,0-,DISCO L.C/VELCR,,,,,,00000000000
724,0,DISJUNTOR DIN 1P 100A,UNID,130.00,0.00,0.00,0,0-,0-,DISJ.DIN 1P100A,,,,,,00000000000
717,0,DISJUNTOR DIN 1P 10A,UNID,15.00,0.00,0.00,-10,0-,0-,DISJ.DIN 1P10A,,,,,,00000000000
716,0,DISJUNTOR DIN 1P 16A,UNID,15.00,0.00,0.00,-10,0-,0-,DISJ.DIN 1P16A,,,,,,00000000000
718,0,DISJUNTOR DIN 1P 20A,UNID,15.00,0.00,0.00,0,0-,0-,DISJ.DIN 1P20A,,,,,,00000000000
719,0,DISJUNTOR DIN 1P 25A,UNID,15.00,0.00,0.00,0,0-,0-,DISJ.DIN 1P25A,,,,,,00000000000
720,0,DISJUNTOR DIN 1P 32A,UNID,15.00,0.00,0.00,-3,0-,0-,DISJ.DIN 1P32A,,,,,,00000000000
721,0,DISJUNTOR DIN 1P 40A,UNID,18.00,0.00,0.00,0,0-,0-,DISJ.DIN 1P40A,,,,,,00000000000
722,0,DISJUNTOR DIN 1P 50A,UNID,18.00,0.00,0.00,0,0-,0-,DISJ.DIN 1P50A,,,,,,00000000000
723,0,DISJUNTOR DIN 1P 63A,UNID,25.00,0.00,0.00,0,0-,0-,DISJ.DIN 1P63A,,,,,,00000000000
2230,0,DISJUNTOR DIN 1P 70A,UNID,33.00,0.00,0.00,0,0-,0-,DISJ.DIN 1P70A,,,,,,00000000000
2216,0,DISJUNTOR DIN 1P 80A,UNID,90.00,0.00,0.00,0,0-,0-,DISJ.DIN 1P80A,,,,,,00000000000
2215,0,DISJUNTOR DIN 2P 100A,UNID,210.00,0.00,0.00,0,0-,0-,DISJ.DIN 2P100A,,,,,,00000000000
2163,0,DISJUNTOR DIN 2P 10A,UNID,55.00,0.00,0.00,0,0-,0-,DISJ.DIN 2P10A,,,,,,00000000000
2162,0,DISJUNTOR DIN 2P 16A,UNID,51.00,0.00,0.00,0,0-,0-,DISJ.DIN 2P16A,,,,,,00000000000
1993,0,DISJUNTOR DIN 2P 20A,UNID,51.00,0.00,0.00,0,0-,0-,DISJ.DIN 2P20A,,,,,,00000000000
1994,0,DISJUNTOR DIN 2P 25A,UNID,55.00,0.00,0.00,0,0-,0-,DISJ.DIN 2P25A,,,,,,00000000000
725,0,DISJUNTOR DIN 2P 32A,UNID,60.00,0.00,0.00,0,0-,0-,DISJ.DIN 2P32A,,,,,,00000000000
2155,0,DISJUNTOR DIN 2P 40A,UNID,60.00,0.00,0.00,0,0-,0-,DISJ.DIN 2P40A,,,,,,00000000000
726,0,DISJUNTOR DIN 2P 50A,UNID,60.00,0.00,0.00,0,0-,0-,DISJ.DIN 2P50A,,,,,,00000000000
1995,0,DISJUNTOR DIN 2P 63A,UNID,78.00,0.00,0.00,0,0-,0-,DISJ.DIN 2P63A,,,,,,00000000000
2260,0,DISJUNTOR DIN 2P 70A,UNID,85.00,0.00,0.00,0,0-,0-,DISJ.DIN 2P70A,,,,,,00000000000
2219,0,DISJUNTOR DIN 2P 80A,UNID,260.00,0.00,0.00,0,0-,0-,DISJ.DIN 2P80A,,,,,,00000000000
707,0,DISJUNTOR NEMA 1P 10A,UNID,30.00,0.00,0.00,0,0-,0-,DISJ.NEMA 1P10A,,,,,,00000000000
1996,0,DISJUNTOR NEMA 2P 30A,UNID,120.00,0.00,0.00,0,0-,0-,DISJ.NEMA 2P30A,,,,,,00000000000
727,0,DIVISOR COAXIAL 1X2,UNID,8.00,0.00,0.00,0,0-,0-,DIV.COAXIAL 1X2,,,,,,00000000000
728,0,DIVISOR COAXIAL 1X3,UNID,8.00,0.00,0.00,0,0-,0-,DIV.COAXIAL 1X3,,,,,,00000000000
729,0,DOBRADICA PORTA 11/2,UNID,2.00,0.00,0.00,0,0-,0-,DOBRADICA 11/2,,,,,,00000000000
730,0,DOBRADICA PORTA 2,METRO,2.00,0.00,0.00,0,0-,0-,DOBRADICA 2,,,,,,00000000000
731,0,DOBRADICA PORTA 21/2,UNID,2.00,0.00,0.00,0,0-,0-,DOBRADICA 21/2,,,,,,00000000000
732,0,DOBRADICA PORTA 3,UNID,3.00,0.00,0.00,0,0-,0-,DOBRADICA 3,,,,,,00000000000
733,0,DOBRADICA PORTA 31/2,UNID,4.00,0.00,0.00,0,0-,0-,DOBRADICA 31/2,,,,,,00000000000
734,0,DOBRADICA PORTA 4,UNID,6.00,0.00,0.00,0,0-,0-,DOBRADICA 4,,,,,,00000000000
735,0,DOBRADICA PORTAO CHUMBAR 08,UNID,33.00,0.00,0.00,0,0-,0-,DOBRAD.PORTAO 8,,,,,,00000000000
736,0,DOBRADICA PORTAO LEME 08,UNID,20.00,0.00,0.00,0,0-,0-,DOBRAD.P.LEME08,,,,,,00000000000
737,0,DOBRADICA PRESSAO ALTA GD.,UNID,5.00,0.00,0.00,0,0-,0-,DOBRAD.PRES.A.G,,,,,,00000000000
738,0,DOBRADICA PRESSAO ALTA PQ,UNID,5.00,0.00,0.00,-1,0-,0-,DOBRAD.PRESSAO,,,,,,00000000000
739,0,DOBRADICA PRESSAO BAIXA GD,UNID,23.00,0.00,0.00,0,0-,0-,DOBRAD.PRESSAO,,,,,,00000000000
740,0,DOBRADICA PRESSAO BAIXA PQ,UNID,5.00,0.00,0.00,0,0-,0-,DOBRAD.PRESSAO,,,,,,00000000000
1051,0,DRIVE P/ILUMINACAO LED,UNID,45.00,0.00,0.00,0,0-,0-,DRIVE P/ILUM.LD,,,,,,00000000000
1033,0,DUCHA ADVANCED TURBO,UNID,350.00,0.00,0.00,0,0-,0-,DUCHA ADVAN.TUR,,,,,,00000000000
2334,0,DUCHA BELLO BANHO,UNID,120.00,0.00,0.00,0,0-,0-,DUCHA BELLO BAN,,,,,,00000000000
2160,0,DUCHA ELETRONICA ADVANCE,UNID,250.00,0.00,0.00,0,0-,0-,DUCHA ADVANCE,,,,,,00000000000
1984,0,DUCHA FAME 4T,UNID,100.00,0.00,0.00,0,0-,0-,DUCHA FAME 4T,,,,,,00000000000
741,0,DUCHA HIGIENICA JOGO,UNID,120.00,0.00,0.00,0,0-,0-,DUCHA HIGIENICA,,,,,,00000000000
742,0,DUREPOXI 100G,UNID,15.00,0.00,0.00,0,0-,0-,DUREPOXI 100G,,,,,,00000000000
743,0,DUREPOXI 250G,UNID,30.00,0.00,0.00,0,0-,0-,DUREPOXI 250G,,,,,,00000000000
1048,0,DUREPOXI 50G,UNID,10.00,0.00,0.00,0,0-,0-,DUREPOXI 50G,,,,,,00000000000
753,0,EBOLIDOR,UNID,38.00,0.00,0.00,0,0-,0-,EBOLIDOR,,,,,,00000000000
754,0,ELASTICO C/GARRAS,UNID,5.00,0.00,0.00,0,0-,0-,ELASTICO C/GARR,,,,,,00000000000
545,0,ELASTICO REDE C/GARRAS,METRO,30.00,0.00,0.00,-50,0-,0-,ELASTICO REDE,,,,,,00000000000
755,0,ELEMENTO VAZADO,UNID,7.00,0.00,0.00,0,0-,0-,ELEMENTO VAZADO,,,,,,00000000000
757,0,ELETRODO KILO,KILO,140.00,0.00,0.00,0,0-,0-,ELETRODO KILO,,,,,,00000000000
756,0,ELETRODO UNIDADE,UNID,5.00,0.00,0.00,0,0-,0-,ELETRODO UNID.,,,,,,00000000000
553,0,ELETRODUTO 1,UNID,20.00,0.00,0.00,0,0-,0-,ELETRODUTO 1,,,,,,00000000000
551,0,ELETRODUTO 1/2,UNID,10.00,0.00,0.00,0,0-,0-,ELETRODUTO 1/2,,,,,,00000000000
554,0,ELETRODUTO 11/2,UNID,15.00,0.00,0.00,0,0-,0-,ELETRODUTO 11/2,,,,,,00000000000
552,0,ELETRODUTO 3/4,UNID,15.00,0.00,0.00,0,0-,0-,ELETRODUTO 3/4,,,,,,00000000000
758,0,EMENDA MANG.3/8 LATAO,UNID,10.00,0.00,0.00,0,0-,0-,EMENDA M.3/8LAT,,,,,,00000000000
2206,0,EMENDA P/MANGUEIRA 1/2,UNID,6.00,0.00,0.00,0,0-,0-,EMENDA MANG.1/2,,,,,,00000000000
751,0,EMENDA RJ11,UNID,3.00,0.00,0.00,-1,0-,0-,EMENDA RJ11,,,,,,00000000000
2012,0,EMENDA RJ45,UNID,6.00,0.00,0.00,0,0-,0-,EMENDA RJ45,,,,,,00000000000
1094,0,ENGATE FLEX.FXF 0.40,UNID,25.00,0.00,0.00,0,0-,0-,ENGATE FLEX0.40,,,,,,00000000000
1092,0,ENGATE FLEX.MXF 0.30,UNID,18.00,0.00,0.00,0,0-,0-,ENGATE FLEX0.30,,,,,,00000000000
1093,0,ENGATE FLEX.MXF 0.40,UNID,25.00,0.00,0.00,0,0-,0-,ENGATE FLEX0.40,,,,,,00000000000
1096,0,ENGATE FLEX.MXF 0.60,UNID,35.00,0.00,0.00,0,0-,0-,ENGATE FLEX0.60,,,,,,00000000000
1097,0,ENGATE FLEX.MXF 1.2 D.HIGIENICA,UNID,40.00,0.00,0.00,0,0-,0-,ENGATE FLEX1.20,,,,,,00000000000
1098,0,ENGATE FLEX.MXF 1.80 D.HIGIENICA,UNID,60.00,0.00,0.00,0,0-,0-,ENGATE FLEX1.80,,,,,,00000000000
1100,0,ENGATE PLASTICO 0.40M,UNID,10.00,0.00,0.00,-39,0-,0-,ENGATE PLAST.40,,,,,,00000000000
1099,0,ENGATE PLASTICO 0.50M,UNID,10.00,0.00,0.00,0,0-,0-,ENGATE PLAST.50,,,,,,00000000000
1101,0,ENGATE PLASTICO 0.60M,UNID,12.00,0.00,0.00,0,0-,0-,ENGATE PLAST.60,,,,,,00000000000
1095,0,ENGATE PLASTICO 1.0MT,UNID,20.00,0.00,0.00,-40,0-,0-,ENGATE PLAST1.0,,,,,,00000000000
1487,0,ENGATE PLASTICO 1.5M,UNID,25.00,0.00,0.00,0,0-,0-,ENGATE PLAST1.5,,,,,,00000000000
760,0,ENGATE RAPIDO METAL,UNID,78.00,0.00,0.00,0,0-,0-,ENGATE RAP.MET.,,,,,,00000000000
759,0,ENGATE RAPIDO PVC,UNID,18.00,0.00,0.00,0,0-,0-,ENGATE RAP.PVC,,,,,,00000000000
2305,0,ENXADA C/2FUROS S/CABO,UNID,48.00,0.00,0.00,0,0-,0-,ENXADA C/FURO,,,,,,00000000000
761,0,ENXADA LARGA C/CABO,UNID,90.00,0.00,0.00,0,0-,0-,ENXADA LARGA C/,,,,,,00000000000
762,0,ENXADAO,UNID,70.00,0.00,0.00,0,0-,0-,ENXADAO,,,,,,00000000000
764,0,ESCADA 03 DEGRAUS ALUM.,UNID,190.00,0.00,0.00,0,0-,0-,ESCADA 03 DEGR.,,,,,,00000000000
766,0,ESCADA 04 DEGRAUS ALUM.,UNID,230.00,0.00,0.00,0,0-,0-,ESCADA 04 DEGR.,,,,,,00000000000
767,0,ESCADA 05 DEGRAUS ALUM.,UNID,260.00,0.00,0.00,0,0-,0-,ESCADA 05 DEGR.,,,,,,00000000000
768,0,ESCADA 06 DEGRAUS ALUM.,UNID,320.00,0.00,0.00,-7,0-,0-,ESCADA 06 DEGR.,,,,,,00000000000
769,0,ESCADA 07 DEGRAUS ALUM.,UNID,380.00,0.00,0.00,-1,0-,0-,ESCADA 07 DEGR.,,,,,,00000000000
2135,0,ESCADA ALUM.BILATERAL ECO,UNID,120.00,0.00,0.00,0,0-,0-,ESCADA AL.BIL/E,,,,,,00000000000
2108,0,ESCADA ALUM.BILATERAL PINTOR,UNID,210.00,0.00,0.00,0,0-,0-,ESCADA AL.BIL/P,,,,,,00000000000
763,0,ESCADA BANQUETA ALUM.,UNID,152.00,0.00,0.00,-29,0-,0-,ESCADA BANQUETA,,,,,,00000000000
2107,0,ESCADA EXTENSIVA 9D,UNID,880.00,0.00,0.00,0,0-,0-,ESCADA EXT.9D,,,,,,00000000000
1388,0,ESCAPULA P/BUCHA 06,UNID,0.50,0.00,0.00,-1,0-,0-,ESCAP.BUCHA 06,,,,,,00000000000
1389,0,ESCAPULA P/BUCHA 08,UNID,1.00,0.00,0.00,0,0-,0-,ESCAP.BUCHA 08,,,,,,00000000000
2296,0,ESCOVA ACO CIRCULAR,UNID,15.00,0.00,0.00,0,0-,0-,ESCOVA ACO CIRC,,,,,,00000000000
771,0,ESCOVA DE ACO C/CABO,UNID,21.00,0.00,0.00,0,0-,0-,ESCOVA ACO C/C,,,,,,00000000000
772,0,ESCOVA DE ACO S/CABO,UNID,21.00,0.00,0.00,0,0-,0-,ESCOVA ACO S/C,,,,,,00000000000
774,0,ESGUICHO METAL CROMADO,UNID,38.00,0.00,0.00,0,0-,0-,ESGUICHO METAL,,,,,,00000000000
556,0,ESGUICHO PLASTICO,METRO,15.00,0.00,0.00,0,0-,0-,ESGUICHO PLAST.,,,,,,00000000000
548,0,ESMALTE ALUMINIO GALAO,GALAO,160.00,0.00,0.00,0,0-,0-,ESM.ALUMINIO GL,,,,,,00000000000
1978,0,ESMALTE BASE AGUA 900ML,UNID,60.00,0.00,0.00,0,0-,0-,ESMALTE B.AGUA,,,,,,00000000000
1979,0,ESMALTE BASE AGUA GALAO,UNID,170.00,0.00,0.00,0,0-,0-,ESMALTE B.AGUA,,,,,,00000000000
964,0,ESMALTE GRAFITE CL.1/4,UNID,65.00,0.00,0.00,0,0-,0-,ESM.GRAF.CL.1/4,,,,,,00000000000
966,0,ESMALTE GRAFITE CL.GALAO,UNID,160.00,0.00,0.00,-1,0-,0-,ESM.GRAF.CL.GAL,,,,,,00000000000
965,0,ESMALTE GRAFITE ESC.1/4,UNID,60.00,0.00,0.00,-3,0-,0-,ESM.GRAF.ESC1/4,,,,,,00000000000
967,0,ESMALTE GRAFITE ESC.GALAO,UNID,170.00,0.00,0.00,0,0-,0-,ESM.GRAF.ESC.GA,,,,,,00000000000
2329,0,ESMALTE SINTETICO 1/4,LITRO,50.00,0.00,0.00,0,0-,0-,ESM.SINT.1/4,,,,,,00000000000
1111,0,ESMALTE SINTETICO 1/4 SUVINIL,LITRO,65.00,0.00,0.00,-31,0-,0-,ESM.SINT.1/4 SU,,,,,,00000000000
1761,0,ESMALTE SINTETICO 112ML,UNID,20.00,0.00,0.00,0,0-,0-,ESMAL.SINT.112M,,,,,,00000000000
1762,0,ESMALTE SINTETICO 225ML,UNID,25.00,0.00,0.00,0,0-,0-,ESMAL.SINT.225M,,,,,,00000000000
2326,0,ESMALTE SINTETICO GALAO,GALAO,170.00,0.00,0.00,0,0-,0-,ESM.SINT.GALAO,,,,,,00000000000
1110,0,ESMALTE SINTETICO GALAO SUVINIL,GALAO,198.00,0.00,0.00,-8,0-,0-,ESM.SINT.GL.SUV,,,,,,00000000000
1895,0,ESMALTE VERDE P/QUADRO,UNID,60.00,0.00,0.00,0,0-,0-,ESMALTE VERDE Q,,,,,,00000000000
2310,0,ESMERILHADEIRA,UNID,380.00,0.00,0.00,0,0-,0-,ESMERILHADEIRA,,,,,,00000000000
775,0,ESPACADOR,UNID,5.00,0.00,0.00,0,0-,0-,ESPACADOR,,,,,,00000000000
2172,0,ESPACADOR P/NIVELAR PISO,UNID,20.00,0.00,0.00,0,0-,0-,ESPACA.NIV.PISO,,,,,,00000000000
2210,0,ESPACADOR P/TIJOLO DE VIDRO,UNID,19.00,0.00,0.00,0,0-,0-,ESP.TIJOLO VIDR,,,,,,00000000000
1987,0,ESPAGUETE TERMO-RETRATIL,UNID,12.00,0.00,0.00,0,0-,0-,ESPAGUETE R.RET,,,,,,00000000000
783,0,ESPATULA 02 CABO MAD.,UNID,6.00,0.00,0.00,0,0-,0-,ESPATULA 02 MAD,,,,,,00000000000
784,0,ESPATULA 04 CABO MAD.,UNID,15.00,0.00,0.00,-13,0-,0-,ESPATULA 04 MAD,,,,,,00000000000
789,0,ESPATULA 06 CABO BOR.,UNID,12.00,0.00,0.00,0,0-,0-,ESPATULA 06 BOR,,,,,,00000000000
785,0,ESPATULA 06 CABO MAD.,UNID,17.00,0.00,0.00,-1,0-,0-,ESPATULA 06 MAD,,,,,,00000000000
790,0,ESPATULA 08 CABO BOR.,UNID,15.00,0.00,0.00,0,0-,0-,ESPATULA 08 BOR,,,,,,00000000000
786,0,ESPATULA 08 CABO MAD.,UNID,18.00,0.00,0.00,0,0-,0-,ESPATULA 08 MAD,,,,,,00000000000
791,0,ESPATULA 10 CABO BOR.,UNID,15.00,0.00,0.00,0,0-,0-,ESPATULA 10 BOR,,,,,,00000000000
787,0,ESPATULA 10 CABO MAD.,UNID,20.00,0.00,0.00,0,0-,0-,ESPATULA 10 MAD,,,,,,00000000000
792,0,ESPATULA 12 CABO BOR.,UNID,15.00,0.00,0.00,0,0-,0-,ESPATULA 12 BOR,,,,,,00000000000
788,0,ESPATULA 12 CABO MAD.,UNID,22.00,0.00,0.00,-1,0-,0-,ESPATULA 12 MAD,,,,,,00000000000
795,0,ESPUMA EXPANSIVA 500G,UNID,30.00,0.00,0.00,0,0-,0-,ESP.EXPANSIVA,,,,,,00000000000
872,0,ESQUADRO ALUMINIO,METRO,45.00,0.00,0.00,0,0-,0-,ESQUADRO ALUMIN,,,,,,00000000000
796,0,ESQUADRO PVC,METRO,25.00,0.00,0.00,0,0-,0-,ESQUADRO PVC,,,,,,00000000000
797,0,ESTABILIZADOR,UNID,60.00,0.00,0.00,-26,0-,0-,ESTABILIZADOR,,,,,,00000000000
798,0,ESTANHO 50X50,UNID,22.00,0.00,0.00,0,0-,0-,ESTANHO 50X50,,,,,,00000000000
799,0,ESTANHO CARRETEL,UNID,300.00,0.00,0.00,-51,0-,0-,ESTANHO CARRETE,,,,,,00000000000
142,0,ESTANHO TUBINHO,UNID,15.00,0.00,0.00,0,0-,0-,ESTANHO TUBINHO,,,,,,00000000000
800,0,ESTANHO TUBINHO BEST,UNID,45.00,0.00,0.00,-4,0-,0-,ESTANHO TUB.BES,,,,,,00000000000
802,0,ESTICADOR P/C.ACO 1/4,UNID,13.00,0.00,0.00,0,0-,0-,ESTICADOR 1/4,,,,,,00000000000
803,0,ESTICADOR P/C.ACO 3/16,UNID,10.00,0.00,0.00,-9,0-,0-,ESTICADOR 3/16,,,,,,00000000000
